"","aac_recomputed","aac_published","ec50_published","ic50_recomputed","HS","E_inf","EC50"
"CAS-1",0.260688994766908,11.677,0.09753,0.0673355323906592,4,0,0.0673355323906592
"KPL-1",0.352382088091789,9.755,0.03253,0.0321891668924896,0.555132856988938,0,0.0321891668924896
"MKN1",0.559888070126545,6.4782,0.003617,0.00296198451234167,0.749592841059974,0,0.00296198451234167
"253J-BV",0.291752276510743,8.6782,3.38e-05,0.0472973248400916,4,1.24378708151327,0.0470004014752802
"BFTC-905",0.29139148988216,10.839,0.05117,0.0485089718653263,4,0.402676440351099,0.0484110084095266
"BFTC-909",0.161092277782226,12.582,0.1885,0.191227304528841,2.03325921328166,0.521834992760183,0.190243119903349
"CAL-120",0.451540004157007,8.5757,0.007689,0.0069019229436643,4,6.76229735894039,0.00665569263718375
"CAL-29",0.295721508418724,10.641,0.04446,0.0448376543445112,4,1.69146915800283,0.0444535389656894
"CAL-62",0.295076452975557,10.761,0.04819,0.0471711144102486,4,0,0.0471711144102486
"HuCC-T1",0.517740536606666,7.2747,0.004239,0.00432063510219273,4,1.73644347088649,0.00428262372936938
"NMC-G1",0.163277527299136,12.803,0.211,0.180829744758519,4,1.69957677614351,0.179273089212127
"RPMI-7951",0.345837674516684,9.6972,0.03162,0.0279907395891968,1.47303490205441,0,0.0279907395891968
"253J",0.204812685805025,11.988,0.08536,0.0969188197349107,4,11.695242157506,0.0906731693042229
"SNU-489",0.439662363832495,8.2936,0.0117,0.0105882097695498,1.22830381525805,0,0.0105882097695498
"SNU-626",0.399698065317296,9.0308,0.0151,0.0152871283016269,1.76869764406548,1.45189433171211,0.0150345432467897
"SNU-738",0.511835178750213,7.3074,0.005192,0.00500177569632629,1.16826781387698,0,0.00500177569632629
"SNU-878",NA,NA,NA,NA,NA,NA,NA
"ACC-MESO-1",0.497814633626901,7.6053,0.005032,0.00523919490235744,4,2.09024348812389,0.00518355898324217
"B-CPAP",0.272198184493794,10.819,0.06432,0.0599372293486938,1.87325045733659,0,0.0599372293486938
"CGTH-W-1",0.416067041945649,8.7015,0.01588,0.0136346186585315,1.00259677720595,0,0.0136346186585315
"COLO 680N",0.28892929756841,10.669,0.05111,0.0502783821020936,2.57977917732346,0,0.0502783821020936
"ECC12",0.264444178174296,11.052,0.06454,0.0647109712972352,2.02554354082394,0.160046616589634,0.064608626640942
"HCC95",0.21870370846825,11.758,0.1134,0.118158951721042,0.954560395275987,0,0.118158951721042
"JMSU-1",0.289965316697198,10.695,0.04299,0.0439415968793514,4,4.71784008400112,0.0428662130366138
"Rh41",0.305470725592749,10.487,0.04171,0.0423599317813241,4,0,0.0423599317813241
"WSU-DLCL2",0.473299692178545,7.9512,0.005494,0.00578282105873755,4,5.4665047304833,0.00561783459841577
"23132/87",0.243452540176918,11.393,0.06937,0.0738767520663907,4,4.07042333937392,0.0723249935030725
"8305C",0.233384401255517,11.503,0.0699,0.0794023978463998,4,5.793531468924,0.0769950086730817
"BHY",0.275661924706417,10.887,0.04945,0.0509769456966732,3.46234219050111,5.14355379941682,0.0494034485211768
"GSU",0.158572794743787,12.493,0.1333,0.162320531343976,4,13.4770676667354,0.150062564558377
"JIMT-1",0.249813827807752,11.394,0.06348,0.0635039574765012,4,7.58756480254897,0.060944089336497
"KMRC-20",0.30972917625923,10.383,0.04025,0.0405413433082004,1.31653307770402,0.629686777853819,0.0401529413815244
"OUMS-23",0.596233006948036,6.1038,0.00209,0.00207098356170097,1.08393315828853,0,0.00207098356170097
"SNU-1076",0.0839242442105025,13.753,0.5337,0.524278217689764,1.46891074842749,0,0.524278217689764
"SNU-1196",0.211336077617717,11.846,0.06611,0.0798913176501352,2.59964143554692,19.5207151326974,0.0660403315805637
"SNU-8",0.421180610742527,8.6818,0.0134,0.0128498815696286,1.15893799624392,0,0.0128498815696286
"A-375",0.267287570229977,11.068,0.05514,0.0557479827716204,4,5.05145395039105,0.0542832158326904
"A-549",0.314668998305265,10.832,0.05108,0.0365718510045297,4,1.84173569585811,0.0362303181021479
"NCI-H2009",0.341933144751161,9.926,0.04369,0.0429889261618262,0.453315503766861,0,0.0429889261618262
"SNU-201",0.209226363437892,11.956,0.08447,0.0947888886944575,4,10.2849258077879,0.0894857278963719
"SUIT-2",0.0875667368953563,12.702,0.516,0.446630012417256,1.92158097888059,0,0.446630012417256
"SNU-1079",0.264188624471234,11.058,0.05635,0.0578813181971051,3.79988339083746,4.95456675032892,0.0563134237622652
"COLO 741",0.370615516844953,9.4867,0.006441,0.0090859463414696,1.85752729036184,24.1310064422365,0.00637234820575789
"DEL",0.490174716415925,7.7335,0.005512,0.00576071454278396,4,1.79305111221525,0.00570835883456342
"HARA [Human squamous cell lung carcinoma]",0.266541333470309,11.025,0.05638,0.057644319263905,3.56611892779647,4.13693685088402,0.0562650790334964
"HCC15",0.377760867775496,9.3676,0.01917,0.0193995310879293,1.3706607205855,1.44117814537534,0.0189899695749324
"KP-4",0.562659007944082,6.6272,0.002781,0.0028005045766322,4,1.01454732719963,0.00278618896023338
"Lu-99A",0.32985042901156,10.082,0.0291,0.030990919471304,1.17550288898366,4.08843002330613,0.0288215847307371
"NCI-H1155",0.327335454935987,10.066,0.03655,0.0341387897795092,1.27200668927821,0,0.0341387897795092
"NCI-H1581",0.436511781923249,8.4337,0.01138,0.0109291602056016,1.33669755105639,0,0.0109291602056016
"NCI-H2106",0.47785795655277,7.8817,0.00547,0.00571927531185194,4,4.67868532447276,0.00558051303204054
"NCI-H358",0.437212172023965,8.4681,0.007636,0.00828069700892146,2.20074359777876,6.9215206101445,0.00773861712307877
"DLD-1",0.144776234578497,12.829,0.2321,0.236633006645604,1.58757686340578,1.03955796810809,0.233521985145419
"EM-2",0.538849923286768,6.6543,0.005928,0.00368596054423833,0.669998697195734,0,0.00368596054423833
"JURL-MK1",0.118582785055251,13.235,0.3447,0.342162296649942,1.35586996123205,0,0.342162296649942
"P12-Ichikawa",0.134327853652492,12.998,0.2905,0.28887981815836,1.26770508409739,0,0.28887981815836
"KE-37",0.43255946986592,8.5459,0.01093,0.0110441592401571,1.29551622914835,1.03771250087953,0.0108668087214853
"KMS-21-BM",0.595726171307321,6.1183,0.002121,0.00210025673494856,2.12408579652897,0,0.00210025673494856
"Li-7",0.179258537419952,12.328,0.0946,0.109259420012251,4,21.0837841350152,0.0952800012683093
"MHH-NB-11",0.0507062500000006,14.072,0,NA,0,89.8587499999999,573.535328095693
"MOLM-13",0.316316192765589,10.272,0.03729,0.0378622463785479,4,0,0.0378622463785479
"NCI-H1975",0.49212902769495,7.6219,0.004709,0.00490932292755131,4,4.63422492858055,0.00479138625802174
"NCI-H28",0.55785337534241,6.6874,0.00277,0.00279727623733814,4,1.96043029681499,0.00276944428246743
"639V",0.485962262942276,7.5006,0.01063,0.00658771644348806,0.72359884440545,0,0.00658771644348806
"BxPC-3",0.363342007126731,9.4788,0.02492,0.0233383443970943,1.45488141274975,0,0.0233383443970943
"CML-T1",0.264161659780048,11.06,0.06133,0.062121546307818,3.09308529301601,2.09689037568388,0.0612670272248937
"GSS",0.356357217249915,9.5982,0.02685,0.0250762853464919,1.52115598630548,0,0.0250762853464919
"HCC366",0.528670092419866,6.7729,0.006682,0.00413572261237734,0.69933068146429,0,0.00413572261237734
"Kuramochi",0.522901879790623,7.1995,0.004107,0.00418722918324012,1.63251081002242,1.49766307092789,0.00410994993348555
"LS411N",0.40339600936707,8.9877,0.03569,0.0351088273372734,0.241111253893886,0,0.0351088273372734
"LS513",0.209569942140654,11.16,0,NA,2.56016578313293,79.0428943748641,1.00203476665397e-06
"ONCO-DG-1",0.519863198520888,7.1526,0.0133,0.00436497910497516,0.417454962224767,0,0.00436497910497516
"ONS-76",0.315967702147722,10.282,0.03855,0.0380032904643596,2.50148432054829,0,0.0380032904643596
"SK-CO-1",0.315195071854732,10.304,0.03726,0.0373829269153941,2.42706265562565,0.994141878387725,0.0370748715350672
"SW48",0.306266048730768,10.479,0.04281,0.042348626932919,1.4156518116085,0,0.042348626932919
"VM-CUB-1",0.313415659020186,10.335,0.038,0.0378662085797925,3.6210538658258,1.09933066865615,0.0376344363961269
"BEN",0,15.809,1.657e-05,NA,4,100,1e+06
"CFPAC-1",0.231162684293888,11.551,0.07175,0.0757960792659772,4,9.00997767929827,0.0721229992922275
"HCC78",0.321330005772117,10.192,0.03687,0.0360155089062951,1.72253246789072,0,0.0360155089062951
"HT",0.546684631420441,6.8375,0.003237,0.00326575492364723,3.99860134143321,1.26724341005359,0.00324485547939021
"KU-19-19",0.231218467276866,11.546,0.07172,0.0760349046187861,3.55421268057881,9.12179068491125,0.0718456507026271
"NCI-H1299",0.257466117345624,11.253,0.05951,0.0594337623654722,4,6.81219146683299,0.0572968853251189
"NCI-H727",0.209635848830684,11.873,0.07219,0.0814599650038018,4,16.8933861941398,0.0734819053409978
"NCO2",0.537645524856701,6.9884,0.003567,0.00362678812078862,1.31837892189433,1.31235199844307,0.00355435259841557
"OVTOKO",0.0274313166600501,14.594,0.09314,NA,4,87.6643464084761,0.100108745657145
"P31/FUJ",0.222920832717231,11.687,0.08206,0.0888001832113872,4,5.94570348795031,0.0860336658503225
"Peer",0.525880804730971,7.1535,0.004059,0.00412158105833944,1.61848560712536,1.14228229373501,0.00406314644182707
"RPMI-8402",0.300553406535069,10.53,0.0439,0.0438594426555718,4,0.613155707014971,0.043724356504484
"SHP-77",0.0242551330735059,14.637,1.492,1.41302923474085,1.74034033033144,0,1.41302923474085
"SNU-1077",0.419007822870998,8.6257,0.01876,0.0134352504792854,0.817962316383516,0,0.0134352504792854
"SNU-620",0.256488510222236,11.164,0.06983,0.070126770622357,3.21262283571686,0.143157755844736,0.0700642104905319
"SU-DHL-1",0.482794673203778,7.8608,0.005587,0.00589959509305551,4,2.93683880925015,0.00581098799726277
"COLO 205",0.284768132081309,10.887,0.05262,0.050366867830182,4,1.65317706968906,0.0499452772316401
"DoHH2",0.545898362437106,7.1399,0.003746,0.00323532150044282,4,1.59932376697537,0.00320913361839962
"EHEB",0.354011690032028,9.3403,0.1105,0.0276849012122822,0.756168580454786,0,0.0276849012122822
"Ki-JK",0.412954016144416,8.9437,0.006568,0.010820759561389,1.16857940261525,9.05850386861696,0.00911956531726304
"KMM-1",0.209914881919063,11.856,0.0009138,NA,0.20666510993693,64.4028353051761,0.000831533083591211
"LCLC-103H",0.385687310066699,9.2124,0.01915,0.0184890107849263,1.56677353592508,0,0.0184890107849263
"MKN45",0.145387391607141,12.829,0.08104,0.134502001429471,3.20572001211475,40.0426104875855,0.0813039913775018
"NCI-H2405",0.289523602692267,10.688,0.04661,0.0471837439480286,2.70602390751174,2.47531679557426,0.0463066779479739
"NCI-H650",0.309800787505678,10.386,0.03974,0.0396518830549921,2.95524493300173,0.833932535472374,0.039426851654584
"OS-RC-2",0.41856970205654,8.7731,0.01288,0.012867830812702,1.64543329377686,0.680545901009291,0.0127611029914049
"OVSAHO",0.467463244955392,8.0163,0.00517,0.00549827409550038,3.04639525743755,8.03457364930091,0.00519102528860926
"QGP-1",0.331128405754125,10.071,0.03283,0.0325108151888823,1.85834023519821,0,0.0325108151888823
"RL95-2",0.290989801189755,10.76,0.05068,0.0492090660419063,4,0,0.0492090660419063
"SNU-1041",0.222204377031214,11.743,0.08939,0.0949529884340696,4,2.94607479572666,0.0935222832442521
"SNU-1066",0.17560974792628,12.421,0.09342,0.111436867323052,4,22.4332895010494,0.096024627275348
"SW1353",0.463557118244283,8.403,0.007483,0.00657822620852719,4,5.00225636102099,0.00640713665379149
"SNU-213",0.131942819513108,13.001,0.2468,0.254087588151602,2.57051317077236,2.53227636359612,0.249001796696458
"8505C",0.566718399246141,6.5666,0.002623,0.00270073348205744,4,0.901776618896683,0.00268847295417398
"Calu-3",0.407603527024296,8.7095,0.02462,0.0154244003597777,0.738207819074439,0,0.0154244003597777
"Daoy",0.496707776531239,7.7363,0.006001,0.00585292608981804,4,0,0.00585292608981804
"GB-1",0.300379463619573,10.564,0.04389,0.044651884535715,4,0,0.044651884535715
"HCC1171",0.332527674372529,10.046,0.0245,0.0267861506003147,1.59281812354843,7.61449154753463,0.0241469744719258
"HCC44",0.282917390319372,10.795,0.04788,0.0489302612578999,2.70593215151127,3.92132062610186,0.0474754734825892
"NCI-H211",0.580798399655983,6.3422,0.002245,0.00227253745146626,1.61538341338746,1.54919321315154,0.00222868806013429
"RERF-LC-A1",0.503367434603165,7.4758,0.004311,0.00445352765531021,3.81225632802795,4.17907510337985,0.00435272189952757
"SBC-5",0.494783487183054,7.8548,0.006638,0.00597066125141848,4,0,0.00597066125141848
"SF126",0.295768738248464,10.596,0.04185,0.0425579909114829,3.20804379290965,3.78025571411968,0.0415277450324986
"SNU-119",0.49089307446478,7.9891,0.006921,0.006047028106762,4,0.597972202244779,0.00602886667881371
"SNU-81",0.707746784244501,4.3066,0.002003,0.000208359621619107,0.32385987955629,0,0.000208359621619107
"SNU-182",0.54355001146445,6.8923,0.00285,0.00296289604481108,2.11688459727048,4.01816773253409,0.00284792809117076
"TCCSUP",0.489412443493555,7.7818,0.005728,0.00588052953336568,4,1.52715523579065,0.00583510346887456
"Detroit 562",0.280323917518107,10.84,0.04409,0.0456785382758196,4,7.15004103517942,0.0439498401093444
"HEC-1-B",0.502153889543068,7.4671,0.004636,0.00479646617708799,3.58886005938782,2.98376643032281,0.00471493294751365
"Hep 3B2.1-7",0.22610743423956,11.751,0.184,0.184680195995022,0.518018222794566,0,0.184680195995022
"HSC-3",0.299555410794437,10.546,0.04349,0.0437376547524319,4,1.11106648490305,0.0434926261588525
"MCF-7",0.219258037343261,11.751,0.207,0.206565739781851,0.515022515756454,0,0.206565739781851
"SNU-1105",0.290973717956917,10.708,0.04364,0.0449970254540888,4,3.44672248108807,0.0442006717822582
"U-87MG ATCC",0.234281785079583,11.482,0.07999,0.0881242535140528,4,0.220776029466458,0.088026813408054
"22Rv1",0.250704966081251,11.269,0.06679,0.0704097084697957,4,2.7255864511483,0.0694299068441652
"769-P",0.39501637199831,9.1021,0.01704,0.0167815238940722,1.60516310760512,0,0.0167815238940722
"COLO 699",0.264346531232132,11.143,0.0466,0.0491873559283276,4,11.0056821862282,0.0462233383853798
"DOV13",0.32823480988814,10.094,0.03421,0.0334814075699629,2.09221271287193,0,0.0334814075699629
"ES-2",0.274588598468288,10.858,0.05971,0.0583761985042529,2.13592563414714,0,0.0583761985042529
"HCC1806",0.273977259087723,10.918,0.05175,0.0534151103212893,2.56109272016149,4.38723623689036,0.0515336898253418
"HCC1954",0.428753813152052,8.6044,0.01119,0.0113924026994041,1.22703606812392,1.40281344251773,0.0111312308514366
"HPAF-II",0.312566647928877,10.357,0.03855,0.0389319681367987,4,0.398616573362061,0.0388541404345444
"KHM-1B",0.489677468192225,7.7331,0.005516,0.00573234103185823,4,2.00747815839722,0.00567391612494511
"OVISE",0.389492598912999,9.2091,0.0174,0.0174665740996811,1.39436641292129,0.714694077068189,0.0172871571893406
"JVM-3",0.429080223537318,8.5888,0.009892,0.010420892732122,1.57147211803282,3.75065336426915,0.00991643223310035
"SNU-C2A",0.236481814569429,11.469,0.06296,0.067517157783194,3.76934913983786,11.4649421415878,0.0630093878631015
"U2OS",0.386277515739895,9.1829,0.007331,0.0132382640102858,1.97560341122342,9.8792403361929,0.0118424163411542
"5637",0.307811087372696,10.413,0.03702,0.0391923147988145,4,1.95311048729057,0.038803842487227
"CAL-12T",0.412753754510589,8.9457,0.007468,0.0109026698157847,2.05197750579189,6.96937418987856,0.0101335674910493
"DMS 79",0.488832755892892,7.6171,0.006833,0.0063569809898084,1.03354351619061,0,0.0063569809898084
"HCC1588",0,15.975,0.0001832,NA,1.04223806916133,100,1.14670856816913
"HCC1833",0.193390064086868,12.194,0.09468,0.104526965904368,4,14.6456667859286,0.0958509686156697
"HCC2279",0.374236182211493,9.3415,0.02259,0.0208900418168402,1.30331413947888,0,0.0208900418168402
"KE-97",0.477884078154486,7.8869,0.005571,0.00580314249312509,4,4.37433629534908,0.00567182773879421
"KP-3",0.370348142400104,9.4725,0.02488,0.024721324800378,0.613473419212656,0,0.024721324800378
"Ku812",0.362807913722886,9.5438,0.02485,0.0235543098842861,1.26995491306788,0,0.0235543098842861
"KYSE-140",0.235348088993047,11.495,0.06496,0.0716833471498697,4,9.35938575158426,0.0680637449180385
"NALM-6",0.595783789333571,6.1255,0.00204,0.00202744780259067,2.66112034241308,0.637565369861225,0.00201769393528894
"NUGC-4",0.172555392018405,12.604,0.1113,0.118307818045646,4,21.4989716959416,0.102798333923303
"TT",0.28860272089456,10.769,0.05103,0.0500001896029243,4,0.350875858563437,0.0499122385167339
"AGS",0.421766625632619,8.7096,0.01034,0.0109891343132456,1.53940295024497,4.55099614765091,0.0103285722832911
"HCT 116",0.464032452136642,8.1733,0.006442,0.00649769866706088,4,5.15179571287695,0.00632343895747712
"HEC-108",0.436899943781815,8.4754,0.01011,0.0102601054500226,1.93212220176813,1.62909235703175,0.0100857046416788
"HEC-59",0.409281448990254,8.8923,0.0133,0.0135720758377589,1.59296529872722,2.1140367179252,0.0132089526660568
"HMC-1-8",0.466443579590998,8.1269,0.006057,0.00622674851888705,4,5.48922058563464,0.00604832507489022
"SUIT-2.1",0.263434043984898,11.071,0.05991,0.0616415183047335,3.0625,2.8125,0.0604871826604304
"HT-29",0.2665270313386,11.201,0.06277,0.0584897779130321,4,3.43829800851802,0.0574572297432507
"Ishikawa (Heraklio) 02 ER-",0.290122188753015,10.69,0.04654,0.046913836910386,4,2.21713792423946,0.0463848858863866
"JHOC-5",0.412448902198523,8.8509,0.0141,0.0140214157912476,1.41121559461399,0,0.0140214157912476
"KYSE-180",0.266728183580497,11.029,0.05108,0.0537517622574811,2.87049168811061,7.31917027694022,0.0508682249220775
"LS180",0.24181411707951,11.395,0.05822,0.0632795496044079,3.24831719686096,12.0291825979449,0.0581391830976797
"Mel Ho",0.186353100843082,12.223,0.1205,0.13971201732889,1.58599929406792,8.55172025687395,0.124127960854965
"MHH-ES-1",0.478506505893346,7.8469,0.005447,0.0056819769509992,2.60138655505036,4.9539768915966,0.00545858992092366
"MOR/CPR",0.297730591838414,10.582,0.04418,0.0445423775849925,4,1.14390331293783,0.0442854014194098
"NCI-H460",0.227086712456283,11.603,0.07816,0.0860282711024008,4,5.26459704393507,0.0836684131685239
"HCC2108",0.361060066860188,9.6158,0.02431,0.0238503135344007,1.72038159516975,0,0.0238503135344007
"HCC827",0.284046478335179,10.832,0.04605,0.0473060780688503,4,4.36341106106309,0.0462383935516909
"HEC-251",0.579281886128683,6.4437,0.001854,0.00183439996897149,4,5.26850632399792,0.00178404121559202
"HEC-265",0.425783369317739,8.79,0.007879,0.0111934663188332,1.07688624317172,3.43540283740185,0.0104774986764103
"HEC-6",0.464908411159088,8.1566,0.005784,0.00605108273731891,4,6.42148990909655,0.0058466713820007
"HEL",0.128278752077997,13.087,0.4151,0.411209002764841,0.866251146894932,0,0.411209002764841
"JHUEM-2",0.40707549592633,8.9277,0.0142,0.0143650093612347,1.2733333883145,1.2307127244167,0.0140865845970669
"Jurkat",0.452650544822636,8.2418,0.009276,0.00924220892069064,1.37546165034752,0,0.00924220892069064
"JVM-2",0.444732757322305,8.3743,0.005426,0.00584673312894842,3.3570634680391,11.8655240780825,0.00539345549770938
"KCL-22",0.27148069252813,10.961,0.04815,0.0521515714796552,1.93452243827843,7.57120505319922,0.0479077690131706
"KE-39",0.262257149482918,11.09,0.05739,0.0591614496289731,3.27347916370171,5.1088240565191,0.0572452340529635
"KM-H2",0.228696619929917,11.574,0.07026,0.0781188927793248,2.36177865364356,10.7906275666714,0.0704778155585745
"LAMA-84",0.311448958263186,10.364,0.039,0.0391303133896424,1.62601144425683,1.01879149962512,0.0386380230562869
"NCI-H2030",0.237428293869204,11.448,0.07626,0.0822956062354493,4,2.00859412297389,0.0814563631501895
"SNU-719",0.198145184403093,12.046,0.05377,0.0744935499224974,2.77368786423719,29.9095959899667,0.0536235040748264
"NCI-H1299.1",0.30281867560526,10.515,0.04056,0.0419134599245711,4,1.42374002779779,0.0416118505895541
"HCC1569",0.380254344144494,9.7219,0.01789,0.0182311287180726,4,9.32560100350631,0.0173141566465899
"KLE",0.224359938442681,12.319,0.05968,0.0613348161974441,4,27.4271521843952,0.0502760506951561
"KMS-26",0.52494501385801,7.4594,0.00439,0.00530777409717028,4,3.40026308882936,0.0052151378899544
"KMS-27",0.596119046000819,6.6825,0.002508,0.00264824834040707,1.36820398614258,3.659176282053,0.00250515687230838
"NCI-H1838",0.534075671696668,7.5473,0.004653,0.00488724148613638,1.64901079300002,3.77215553144617,0.00466020620847536
"NCI-H196",0.105863575899297,13.327,0.278,0.343439381988484,3.96875,8.4375,0.327812115139346
"NCI-H292",0.491122652181002,8.1491,0.006863,0.00715186191758968,2.25456246073912,4.68971879326379,0.0068461633831949
"SK-MEL-1",0.135776294592534,13.107,0.3463,0.348278275723463,1.07689742323734,0,0.348278275723463
"HCC1937",0.33867925456259,10.271,0.03902,0.0383114909696895,1.23795002275043,0,0.0383114909696895
"HDLM-2",0.23889655828748,11.66,0.04172,0.0790980570036306,1.25539046645104,27.5466260132716,0.0418031914685854
"HuH-28",0.0772198655154206,13.862,0.2765,0.429246239446041,4,38.111335982534,0.299741765786319
"MV4-11",0.136661116798302,13.305,0.2548,0.234731784331777,4,13.5375437588963,0.216915646348345
"NCI-H526",0.418597488822543,9.1736,0.0159,0.0159991035238404,2.61252083356758,2.5640985309758,0.0156799397550805
"NCI-H69",0.503666966685923,7.9737,0.006527,0.00665969368324492,3.06526252715152,3.21235211582928,0.0065169740616566
"NCI-H929",0.372750881137927,10.255,0.03463,0.0255296683879833,4,1.9738179879056,0.0252738956580275
"NCI-N87",0.201356730742657,12.549,0.1775,0.139106324829311,4,1.69834813185835,0.137909718356366
"PF-382",0.356780245688157,10.035,0.02689,0.0285473998819436,1.50738403708041,4.84151681077762,0.0266823390206021
"SF295",0.362852957734619,9.6363,0.01869,0.0241933660983784,4,6.58294919546419,0.023354408705904
"SNU-1272",0.257049721556299,11.381,0.09482,0.0881045386666204,1.11782757351958,0,0.0881045386666204
"SNU-308",0.0644655360349633,14.163,0.3964,0.547484560687737,4,42.7984114288719,0.337276786919783
"SNU-478",0.427480238428488,9.0527,0.01382,0.0139858177940621,2.97643074111626,3.75165056978524,0.0136240804402124
"BHT-101",0.164674729981365,12.9,0.2261,0.19952738525088,4,1.74349836347475,0.197764788346415
"CAL-148",0.239713612026436,11.959,0.121,0.0973478780540658,4,0.595053078752976,0.0970569406186112
"CAL-51",0.381424919902815,9.6855,0.02173,0.0226053410634473,1.64528695363185,3.93648842820368,0.0215062961986541
"HCC1395",0.144824985444068,12.977,0.2166,0.227708798336547,3.81862281695162,8.33832697831696,0.217085406865122
"HT115",0.0804175329046828,13.88,0.2909,0.408136366804218,4,37.1634220930641,0.29051937973357
"LN-18",0.518657357668885,7.3791,0.004524,0.00600467936679871,4,2.13574004704519,0.00593950371466691
"LN-229",0.349654365690187,10.129,0.03249,0.0326533272254938,2.79053560726628,1.47296921540966,0.032305297984704
"NCI-H1734",0.258809986535029,11.386,0.06497,0.0686205452686596,4,8.07486240439286,0.0656644464873071
"NCI-H2291",0.374683307774316,9.8008,0.02273,0.022902410874609,2.33496853131107,5.22382157348307,0.0218452573361665
"RERF-LC-Ad1",0.243414094490059,11.601,0.09014,0.091826806008684,2.65001991475312,2.08754643859279,0.0903608381814177
"SNU-1214",0.27390273730359,11.183,0.06712,0.0684042859682857,2.02451850080622,2.06911119194058,0.0669911135359867
"SNU-46",0.230375827812889,11.999,0.1212,0.105239269210466,4,1.32839179809587,0.104533200317338
"SNU-466",0.132185438254334,13.15,0.3517,0.312758205442421,1.45515275208942,0,0.312758205442421
"SNU-5",0.231116655213063,11.772,0.1029,0.10416315714998,3.15191722327344,1.63418433213042,0.103070764361575
"SNU-668",0.398218055634996,9.4582,0.01962,0.0197543612183582,2.30384181543982,2.37928876046655,0.0193407005382338
"SNU-899",0.403769657570603,9.3834,0.01845,0.0184641185926685,3.86082023992613,2.49048361270959,0.0182213795418058
"TE-10",0.268934171603201,11.247,0.06531,0.0701012054625147,1.52882715835537,4.90471189582367,0.065523422409447
"TE-9",0.115271600425459,13.323,0.0759,NA,1.7762580455093,50.66111921073,0.105449849247881
"YD-10B",0.233091284444295,12.745,0.2089,0.103536930028466,4,0.752820639468977,0.103144986370223
"YD-15",0.237732479208064,12.276,0.1465,0.0975765632805191,4,1.51617466192282,0.0968282842180316
"YD-38",0.22819686388813,12.366,0.1561,0.107104948888412,4,1.54400906055571,0.106268342565036
"CHP-126",0.258763271663711,11.129,0.06006,0.0619222774830798,2.77941797905213,4.63953713303822,0.0597902812557805
"CAL-51.1",0.3834129367963,8.9667,0.03477,0.0195243735851622,0.804777475785089,0,0.0195243735851622
"Hs 944.T",0.262904172906214,11.069,0.05334,0.0552292876279657,3.74249150634835,7.07042457742299,0.0530245641232878
"L-540",0.284147881980482,10.751,0.0505,0.0506415430402829,3.2835159897194,1.39484728408332,0.0502070487864707
"LOU-NH91",0.214483579780861,11.798,0.09061,0.094612883696405,4,7.07117873010513,0.0910741275089033
"MOLT-16",0.331651762564208,9.7763,0.0366,0.0321958548102084,1.3477681217596,0,0.0321958548102084
"NCI-H889",0.19263244186514,12.139,0.08348,0.106037684698999,2.07749155795399,19.5270547868212,0.0835493920913012
"TUHR10TKB",0.0860297210836289,13.712,0.3229,0.505220651371269,1.66665029047953,25.6030181975813,0.328472424405255
"JK-1",0.309026605302645,10.776,0.04132,0.0433715387734555,0.871050197327892,0,0.0433715387734555
"Mono-Mac-6",0.310841688249645,10.345,0.05728,0.103551839409071,0.347789344917703,8.80065987016456,0.0593475801969628
"P3HR-1",0.350353535903919,9.7483,51.01,471747222.595876,0.140625,49.375,1.3823722273579e-05
"SW1573",0.393052928990472,9.1492,0.02857,0.027956634897398,0.331564311056157,0,0.027956634897398
"A2780",0.404543238366522,8.6573,0.052,0.0163548499558284,0.624654137618297,0,0.0163548499558284
"CL-11",0.0871946469189274,13.69,0.3146,1.09656413754462,1.0194970452146,35.8388575785395,0.318155856576374
"Karpas-620",0.0443946116482886,14.503,0.003806,2465945.88294808,0.163144223636376,6.84608977133994,1e+06
"MOLP-2",0.347509418585839,9.6666,0.03358,0.0280233688342136,0.950668894920637,0,0.0280233688342136
"NCI-H1355",0.249445433881831,11.269,0.0487,0.0538000712043113,3.24374537987796,14.4731609267217,0.0484204838615882
"NCI-H1573",NA,NA,NA,NA,NA,NA,NA
"NCI-H1666",0.253455148552222,11.21,0.05315,0.0563566180841649,3.66069600077507,10.5196387347109,0.0528348528774548
"NCI-H2087",0.289816287739177,10.632,0.05239,0.0501855347359672,1.28024848995342,0,0.0501855347359672
"KALS-1",0.303684621435742,10.457,0.0344,0.0366018026579547,2.09696466889739,6.60306731100735,0.0342112654606958
"CAL-78",0.328247613972109,10.061,0.04031,0.0364458459277076,0.760582475712984,0,0.0364458459277076
"EPLC-272H",0.2071242336795,11.904,0.07898,0.0884481117088702,4,14.3227758597909,0.0812912550508062
"IGROV-1",0.3695691677365,9.2524,0.04707,0.0237148533199084,0.680294697760698,0,0.0237148533199084
"KM12",0.18963128084513,12.25,0.102,0.108502302971493,4,14.7058339030791,0.0994539843071924
"KMS-11",0.451812273894827,8.0682,0.06553,0.0100458609508603,0.482977980124751,0,0.0100458609508603
"L-363",0.331855908163949,9.8205,0.03672,0.0326660411889687,1.06423687274163,0,0.0326660411889687
"MHH-CALL-3",0.354396523431488,9.692,0.009535,0.0502283081499679,0.373958856319903,23.0044746853706,0.00966390464250499
"SCC-25",0.254485249625162,11.186,0.06034,0.0634196685181577,2.52046801817251,5.9259430694965,0.0603235846791128
"SR",0.284871543073904,10.751,0.04654,0.0479227567377203,2.16831605455852,3.84473352846228,0.0461866126026442
"MOLM-16",NA,NA,NA,NA,NA,NA,NA
"CW-2",0.0563327930092935,14.131,7.032,5.87587394804782,0.547563086995624,0,5.87587394804782
"Fu97",0.160324186828048,12.63,0.1121,0.131245764563491,4,24.2178097807361,0.11121740258036
"NCI-H2052",0.139029160410461,12.909,0.1636,0.212592914709115,2.09453851671578,19.8781966374256,0.166905715111077
"NCI-H520",0.227577689569195,11.592,0.07384,0.0779110668207443,3.7755522617021,9.38339454913919,0.0737379441100642
"DBTRG-05MG",0.210932163154534,11.837,0.09871,0.102081322019995,3.77101961131438,5.26701322987021,0.0991121535070808
"Kelly",0.19613835492878,12.057,0.09381,0.106423041569738,2.62137606444467,13.9251173272283,0.0939626513371727
"ME-1 [Human leukemia]",0.11829688626114,13.258,0.372,0.498150501304251,0.835062591416275,0,0.498150501304251
"Mel JuSo",0.34364472027097,9.5895,0.03614,0.0286715501724739,1.1262506290632,0,0.0286715501724739
"NB1",0.0748625154913273,13.875,0.3595,0.467773109777109,2.72809462235528,25.6487896960798,0.359339507399997
"NCI-H1373",0.180101048741968,12.301,0.1548,0.159801643602865,1.48590972676889,1.11475736347295,0.157395091797903
"NCI-H1792",0.181770163664552,12.277,0.1202,0.141664251198844,1.65834470914512,11.2225680276126,0.121532746938846
"A-549.1",0.205476251072158,11.95,0.09211,0.0983263861771963,4,10.2529061740922,0.0928440168233853
"NCI-H2122",0.0639891089800967,14.042,0.5564,0.528108040921067,3.63144175651427,0,0.528108040921067
"NCI-H508",0.210421099467103,12.203,0.1205,0.101823997702042,4,5.6078991621745,0.0988403028272527
"NCI-H460.1",0.187916856940872,12.256,0.1157,0.120208773327523,4,10.3756643866948,0.113418568785678
"OVCAR-8",0.288968091923592,10.58,0.05445,0.0502966299856006,1.41694103974158,0,0.0502966299856006
"IGROV-1.1",0.236583511441646,11.47,0.07278,0.0761397646212942,4,5.74069158392135,0.0738533474361006
"PL-21",0.229766626407498,11.582,0.08476,0.0873527944216703,4,2.70871825936218,0.0861449003172709
"Rh30",NA,NA,NA,NA,NA,NA,NA
"RT-112",0.272343401573481,10.974,0.05819,0.0574621859025418,4,1.24295184149288,0.0571016940747835
"SKM-1",0.287387973214598,10.702,0.04757,0.0480856316833852,2.71769837683278,2.23327522859394,0.0472839075879247
"CCK-81",0.0262315696554224,14.483,0.006844,NA,4,69.5921875883718,0.411264054034779
"COLO 201",0.19566073063096,12.062,0.1081,0.114361146684512,3.6340689720528,8.48870402886093,0.108653432159101
"GDM-1",0.178195975882949,12.341,0.09981,0.13800090095489,1.62660459935336,19.6227784006592,0.101585228360897
"Karpas-299",0.299564650566182,10.52,0.04306,0.0431993467196808,2.51125403192529,1.37011178291094,0.0427240206765317
"MOLT-13",0.239079192159276,11.424,0.07254,0.0770005804954975,4,3.97080854659865,0.0754240475642572
"NCI-H2172",0.241614813262475,11.381,0.07484,0.076330324912185,3.35567201073305,3.25852060628359,0.0748126943639106
"NCI-H441",0.268179089627757,11.008,0.04853,0.050342344232021,4,8.2330643466666,0.048128141028522
"NOMO-1",0.228645139897943,11.577,0.07957,0.0823620429568633,3.78496232509665,6.24989141114011,0.0795070654970754
"OCI-AML-2",0.236537043960688,11.41,0.07866,0.0858115822401059,4,0,0.0858115822401059
"EFE-184",0.147618706672619,12.785,0.2088,0.216379168422153,2.18454719502281,2.13077537877585,0.212108238907999
"GaMG",0.291783808092184,10.692,0.04602,0.0461407765110337,4,1.82060695374628,0.0457148952649898
"HSC-4",0.310356091332314,10.368,0.03761,0.0390405251315493,4,0.772347942715989,0.0388888795124264
"PaTu 8902",0.285612528117925,10.835,0.05078,0.0494520430861209,4,1.66195096769247,0.0490358849430839
"A-549.2",0.285239341613794,10.795,0.04526,0.0462965655125955,4,4.33338498468579,0.0452591067715623
"SNU-840",0.306359576356587,10.439,0.03934,0.0404568306997985,4,0.998755573388039,0.0402532670367821
"SNU-C5",0.362926042603174,9.3549,0.02719,0.0235906840916249,1.01219354749953,0,0.0235906840916249
"Sq-1",0.356661292607388,9.0134,0.003862,0.0252173634977438,1.01173568494751,0,0.0252173634977438
"SW1088",0.241757948081069,11.381,0.07804,0.0786848355033656,3.62490075762191,1.6335048287821,0.0779671241375349
"THP-1",0.274311407029289,10.898,0.054,0.0544289953629579,3.95023396251097,2.62391434398791,0.0536912947711079
"U-937",0.212695640514207,11.847,0.08602,0.0933261799520034,4,8.74620670208368,0.0889461102611799
"SK-MEL-28",0.250442848160883,11.271,0.06656,0.0685717843851257,4,3.6657917975429,0.0672788231720209
"SK-MEL-31",0.0917820969582551,13.625,701.7,684.229803372488,0.20880537520673,0,684.229803372488
"SK-MEL-5",0.250985254951663,11.25,0.06883,0.0719956865736954,4,1.19872215507835,0.0715602377936299
"SNU-407",0.173213479579541,12.407,0.07561,0.107751253338557,2.63786555904588,30.3840760628322,0.075574115180661
"SNU-61",0.349658165865437,9.7625,0.02826,0.0271666684652906,1.01312181823252,0,0.0271666684652906
"Caov-3",0.184423218588132,12.269,0.08899,0.103487942149333,4,20.128688287482,0.0909831195551861
"EBC-1",0.26654880658547,11.099,0.06337,0.0619957017250599,4,0.592418274645406,0.0618112431820937
"HEY A8",0.291206116953287,10.741,0.04942,0.0482373007146228,4,0.33420959429445,0.048156491032819
"HT-55",0.12383424103383,13.14,0.1563,0.211313092250266,3.21711729350215,30.3274015875116,0.158126132428049
"HuP-T4",0.263714978648324,11.073,0.05521,0.0563763710950271,4,5.8079994232617,0.0546626310795483
"IPC-298",0.28705986277582,10.707,0.04514,0.0461585187179689,2.95971652340186,3.98360116214747,0.0448816847312972
"L3.3",0.132513914108228,13.012,0.1571,0.218860446616761,2.22907689469152,25.5210661409438,0.158860757158037
"NCI-H1755",0.150402242800885,12.741,0.1622,0.186720614436128,2.50606126435663,13.7926946486176,0.164156604372378
"OVK18",0.318391760817054,10.234,0.0337,0.0341346608347253,3.22283070972883,2.61382436292846,0.0335706871449813
"SK-LU-1",0.316941260707332,10.029,0.08074,0.039895516768685,0.857663920418395,0,0.039895516768685
"SK-MEL-30",0.214761334773243,11.782,0.08938,0.0937763143598247,3.60431335403765,7.58468892656437,0.0895922461954617
"SW620",0.265105664126084,11.034,0.04801,0.0513113250203376,2.90012961532031,9.55767680169556,0.047691868322353
"VMRC-RCW",0.117470135098805,13.239,0.2324,0.309830920644044,1.6834917537621,18.2440549828607,0.236602842993459
"HCC1143",0.302084952106946,10.456,0.05045,0.0469770424020976,0.862518262705112,0,0.0469770424020976
"LoVo",0.14572821442449,12.813,0.1535,0.202229280940704,1.86185982233125,19.6496587174428,0.154667077138973
"MDST8",0.326413361799167,10.118,0.02732,0.0284038185251316,2.92748708585506,5.9980808952702,0.0271906156805428
"A-375.1",0.255111493962755,11.185,0.06087,0.062780931300073,3.25800394055004,5.55783650026414,0.0605508635679588
"RKN",0.286466830941907,10.715,0.04411,0.045171813410472,3.56489754982211,4.86337147704779,0.0438936079279364
"RMG-I",0.220456925129787,11.702,0.06725,0.0750456988456961,3.22280659499357,15.3414576413181,0.0669792637878917
"RT-4",0.17506237176065,12.366,0.1411,0.148069779485503,3.75225873591113,6.74526222636414,0.142460188134887
"SK-OV-3",0.221459420043782,11.699,0.08501,0.0897734990517788,4,5.83262070439285,0.0870324199654285
"WM1799",0.125205022163085,13.14,0.7382,0.73866913463453,0.60529842250732,0,0.73866913463453
"WM793",0.247305292943044,11.313,0.07041,0.0718131263408079,4,3.10700051925127,0.0706705279972854
"G-361",0.26589609430876,11.027,0.05759,0.0585570628388241,3.14205113038508,3.51600638443794,0.0572138236324718
"HeLa",0.237058669546791,11.371,0.0755,0.0853481206655736,4,0,0.0853481206655736
"Hep-G2",0.179422776402195,12.341,0.08724,0.104084171286457,4,22.8893233835528,0.0893155911050972
"Hs 852.T",0.434676441523029,8.3218,0.1112,0.0128639694493697,0.4375,0,0.0128639694493697
"Hs 936.T",0.254426713080647,11.178,0.06446,0.0662090501375023,3.0518072947688,3.57770361695723,0.0646177774877685
"KYSE-70",0.247870742476065,11.291,1.201,1.20083843266524,0.227821004289707,0,1.20083843266524
"LXF 289",0.295765623058588,10.539,0.04982,0.0473086888530277,1.22052734096821,0,0.0473086888530277
"NCI-H1435",0.346856998381147,9.7062,0.03284,0.02811899256324,0.975956008530139,0,0.02811899256324
"NCI-H2023",0.298103183945555,10.406,0.05499,0.0467137811533322,1.09493787768673,0,0.0467137811533322
"NCI-H2126",0.187591602178369,12.423,0.1561,0.139964184629343,4,1.29399358899351,0.139049697305239
"NUGC-3",0.344385952810074,9.5515,0.04575,0.028953312351259,0.956795768138075,0,0.028953312351259
"Panc 05.04",0.329190161776372,10.076,0.03115,0.0313755282496987,2.62782275921638,1.63936643176366,0.0309800085972508
"OAW28",0.366624484136762,10.549,0.04094,0.0235921987319205,0.782446771847992,0,0.0235921987319205
"TCC-PAN2",0.353723497925894,11.155,0.06728,0.035653140221888,0.462131586422881,0,0.035653140221888
"YAPC",0.217065125246001,11.81,0.1004,0.10058835769715,4,2.40874142192845,0.0993543791684064
"ZR-75-1",0.459326253074081,8.1421,0.01029,0.0100721204120577,0.344604507536629,0,0.0100721204120577
"C2BBe1",0.310071896430026,10.354,0.04613,0.046316334482252,0.698088116381455,0.47309461195346,0.0456898492582137
"ChaGo-K-1",0.302175358415317,10.48,0.03125,0.0375352972522271,1.18204040940709,9.95945511831093,0.0311047505524548
"COLO 668",0.253973212000014,11.207,0.06628,0.0883878167190342,0.707338638562657,7.71201991984893,0.069748964352044
"COV362",0.458666532043492,8.0411,0.0117,0.00874115757369103,0.714341998131779,0,0.00874115757369103
"DV-90",0.322670173319832,10.172,0.03213,0.0330496320205812,1.6735401057258,2.78874055379115,0.0319354763205236
"EFO-27",0.480904218717597,7.8016,0.004984,0.00548576223191065,1.31427248327245,5.78115042102501,0.00499614023502066
"HD-MY-Z",0.451138246626246,8.2446,0.009045,0.00910331882751374,1.08315757534139,0.672975462626416,0.00899014063459797
"NCI-H2170",0.280577446543013,10.804,0.04544,0.0482108302615244,1.98125505403842,5.95528445780608,0.0452216049068566
"NCI-H647",0.294697459649828,10.597,0.04417,0.0456609743569955,1.35527345681767,2.32653096164478,0.0440835423861727
"NCI-H810",0.341575426608814,9.8896,0.02285,0.0255766812209931,1.1823124391712,6.52415726294463,0.0227240386847708
"OCI-AML-3",0.317814407480266,10.264,0.03174,0.0324529457246473,4,4.39151812739382,0.0317156069112299
"PaTu 8988s",0.383688281758447,9.2633,0.01822,0.0183078496816487,1.34672186584797,0.80803592031656,0.0180876945596731
"PC-3",0.329395616586312,10.1,0.02768,0.0280574631122684,4,5.00717940494181,0.0273269841251488
"TE-5",0.264161006408252,11.038,0.06441,0.0644270672265036,2.78666178606962,0,0.0644270672265036
"UACC-257",0.499122286813274,7.532,0.00468,0.00491001297736214,1.43679386069234,3.43106995245024,0.00467298833638199
"UACC-62",0.228133295168825,11.636,0.08906,0.0925309384348374,4,0.63073265989286,0.0922377363509928
"BICR 6",0.362046865178342,9.5924,0.02234,0.022502161392727,1.73521799236657,1.37436009233091,0.0221436064343457
"BT 145",0.562584008825794,6.5951,0.002347,0.00243012990403224,4,3.24898183013521,0.00238965253289699
"BT179",0.265736225833597,11.025,0.05731,0.0591931671550296,2.13662981805557,3.66031663460767,0.0571240202025454
"EC-GI-10",0.185953248378483,12.23,0.1384,0.141876724359534,1.94353459455307,3.528784054807,0.136633260115375
"EFO-21",0.244322645201636,11.344,0.07079,0.0726322490851714,3.19399348028687,4.30756294431881,0.0706121968962445
"FTC-133",0.425689408367555,8.6241,0.01224,0.0120898114472259,1.17796334022544,0,0.0120898114472259
"JHUEM-3",0.375972403807871,9.4018,0.003533,0.00793454030932476,1.44923877316882,27.582946989911,0.00456168798477904
"LK-2",0.199132651791947,12.02,0.05098,0.0773531427838382,2.2498344510114,30.6952014351804,0.0506726311943819
"LNCaP clone FGC",0.271309653917979,10.943,0.05635,0.0566909844465742,3.89468032490042,2.2718149945563,0.0560181418416912
"LS1034",0.0511272337562372,14.24,1.115,1.08738851545777,1.21262863941019,0,1.08738851545777
"MKN7",0.472140423807719,7.9356,0.004299,0.0049353581994544,1.69346865898685,9.9314546710422,0.00433043993110049
"HCC1428",0.424494693889064,8.6503,0.01191,0.0120826402559067,0.948812079229694,0.901542420512507,0.0118531388725985
"NCI-H2029",0.14183549288175,12.881,0.1025,0.139646596953848,4,35.2379379973705,0.102937735961678
"OE21",0.212445266088742,11.826,0.08792,0.0931250207286146,4,8.99065572022921,0.0886226205020463
"MKN74",0.301523580440761,10.503,0.04148,0.0432892484956727,1.14586732935357,2.25051427200107,0.0415838675894392
"SH-10-TC",0.122804322201873,13.119,0.5615,0.324959399293951,1.33478775489605,0,0.324959399293951
"SNU-449",0.1924904815728,12.119,0.1144,0.1302320791278,1.55808230667606,8.03924770673712,0.116374739132508
"T3M-10",0.108836463015251,13.361,0.4597,0.382544419434759,1.38619657772144,0,0.382544419434759
"BT 112",0.418710944246831,8.7144,0.01333,0.0129916828697826,1.22910854615148,0,0.0129916828697826
"BT 164",0.527044416983515,7.0925,0.002971,0.00303145613936302,2.49616288904034,6.54869636660858,0.00286567492776241
"CCF-STTG1",0.103176222921848,13.458,0.3358,0.343813025045598,4,0,0.343813025045598
"COLO 800",0.343158154150185,9.8679,0.02418,0.0254397338282193,1.6465002111017,4.48636338588212,0.0240278792654338
"DK-MG",0.302594481869725,10.489,0.03911,0.0402817673447939,4,2.59852803095959,0.0397478802494183
"GP2d",0.14291391371951,12.858,0.1502,0.241756653682964,1.36339059557202,23.1390122272476,0.153268960524174
"NCI-H1869",0.439938295817577,8.4133,0.009659,0.0100329675037254,0.895831590116404,1.90711080004842,0.00960674758381059
"IA-LM",0.603027529177846,5.974,0.001131,0.00119524956651966,2.80229783850757,7.79917900259554,0.00112506317954753
"JHOM-1",0.311693427564102,10.338,0.03391,0.0347250158081123,3.26246569829496,4.53061424800425,0.0337286034941064
"JHUEM-7",0.330752105978456,10.05,0.03059,0.0309651238383944,1.96326422848634,1.69819435736226,0.0304248960538418
"JL-1",0.141656429129648,12.872,0.2244,0.2311187185586,2.21071325591981,1.90202387304236,0.227099522723444
"KYSE-450",0.254054626440337,11.201,0.05414,0.0569564791685989,3.81812433814724,9.74513237039245,0.0538126043618722
"LC-1/sq-SF",0.158438171864893,12.631,0.08358,0.111247830150904,4,33.4884410871231,0.0843327121474572
"RCM-1 [Human rectum adenocarcinoma]",0.282179886007512,10.779,0.04583,0.0497042160514267,1.36300572522112,5.37962610772572,0.0457217454747939
"SNU-685",0.334733476674865,9.8223,0.04609,0.032309171523487,0.924347596354987,0,0.032309171523487
"CCF-STTG1.1",0.140767476928655,12.854,0.2466,0.235248643625858,2.33817239513002,0,0.235248643625858
"VMRC-LCD",0.349292719093402,9.7942,0.02634,0.0265645965618907,1.1527999581084,0.763812508411265,0.0262122191595481
"BT 224",0.268241460298706,10.99,0.05229,0.0553020917517109,2.0550250048121,5.79254375921728,0.0520859069719691
"BT-549",0.263324703290983,11.066,0.0569,0.0590539114863722,2.37378102838634,4.83531414531128,0.0565771150065613
"HeLa.1",0.30030658957718,10.381,0.04908,0.0445609498008212,1.4789465478105,0,0.0445609498008212
"HCC202",0.238418821491183,11.432,0.07617,0.0824738673421845,1.30920722126278,4.64217710396514,0.0765584499645803
"H-STS",0.593216485598173,6.1121,0.001865,0.00190243346910954,1.86958727556209,2.03835540361522,0.00186054880630747
"K029AX",0.326522436639797,10.117,0.03312,0.0331117558743353,2.46074035646345,0.699679674846408,0.0329226699402957
"KRIJ",0.510086698698306,7.3747,0.00354,0.00381537317814346,1.98856512051148,5.98931677523582,0.00357825887808129
"KYSE-520",0.275476596197698,10.878,0.05035,0.0530983139366427,1.6868351327982,4.53771681622133,0.0501863820077631
"LOX-IMVI",0.364133599293904,9.5325,0.02343,0.0228771419888469,1.46526991610553,0,0.0228771419888469
"NCI-H1623",0.208585374783869,11.875,0.08967,0.100665490318564,2.02749901450677,10.2554594134514,0.0898898007259065
"NCI-H716",0.0595650577331211,14.106,1.247,1.2075614329733,0.978515939810007,0,1.2075614329733
"OE19",0.194067220226228,12.177,0.1052,0.109993465381653,4,11.3015281469177,0.103168671385407
"OE33",0.284770864557943,10.742,0.05073,0.0510276685729009,2.04587415804374,1.00649898835805,0.0505229818939224
"PK-1",0.239426538695838,11.423,0.07246,0.0747167641895099,4,5.17996138056684,0.072701540077017
"PK-45H",0.389705620853431,9.1249,0.01834,0.017589481717895,1.23038885449283,0,0.017589481717895
"P-STS",0.297405536424997,10.549,0.03987,0.0409300780565384,3.13559623691354,4.23750616397338,0.0397902676732082
"RERF-LC-Ad2",0.278426164460423,10.806,0.05719,0.0558585663997079,1.62911255383674,0,0.0558585663997079
"U-CH1",0.148100698724971,12.766,0.1035,0.137629601583517,3.76018933211555,31.6694820343466,0.105393709859197
"697",0.678583887517129,4.8408,0.0008588,0.000853948573471038,1.12323049785624,0,0.000853948573471038
"A3/Kawakami",0.294438529220826,10.693,0.04699,0.0465901648300866,4,0.37588256264588,0.0465023547410579
"BL-41",0.205480638828924,11.921,0.6467,11206798.0271777,0.0692839785143473,12.8389738662738,154624.36887343
"CA46",0.636767717344655,5.4653,0.00093,0.00103069312193128,0.946864309198732,4.80199114397435,0.000926441248600025
"COR-L47",0.625505258675926,5.6342,0.001077,0.00117972000431425,1.0462256759444,4.70941607819346,0.00107328501271323
"COR-L51",0.485867734491888,7.9581,0.003785,0.00366063896391394,4,11.0831114895196,0.00343834083012927
"DU4475",0.287291410024393,10.704,0.04689,0.0476175608913868,2.57710479854275,2.74087066137464,0.0465871829634197
"EB1",0.719548622676182,4.2187,0.0003641,0.000396998429918292,1.37891604869416,5.3156824541053,0.000365921464163137
"EoL-1",0.347712644311873,9.7883,0.02737,0.0270662204832746,2.03386483284435,0,0.0270662204832746
"GA-10",0.803690940367993,2.8082,0.0001375,0.00017230584208025,4,3.94846818988755,0.000168798476154196
"MOLT-3",0.201671122970603,11.973,0.109,0.112932694145866,3.80466530379806,5.27967238013495,0.109668366103418
"Namalwa",0.66527000212161,5.0362,0.0008398,0.000872585536658552,0.915729696987494,1.81163853703875,0.000838118057723236
"OPM-2",0.270242075549504,10.957,0.04529,0.0491915188844149,2.3667104899057,9.55522960902986,0.0449751102003319
"Pfeiffer",0.538513863617183,6.9791,0.00266,0.00278308899070782,4,5.45355305526741,0.00270388277910065
"SUP-M2",0.516109015643341,7.3367,0.002883,0.00302456254376119,4,8.35895940852348,0.00288935205464285
"Toledo",0.234632943314259,11.488,0.001647,NA,0.785514236360845,61.723647504893,0.0016439617502906
"NCI-H1869.1",0.456546683386769,8.1576,0.00936,0.00900857761263399,0.664639769185371,0,0.00900857761263399
"COLO 829",0.230595629918424,11.552,0.07048,0.0743165257994169,4,9.79734242285503,0.0703730847470446
"DAN-G",0.271479038250775,10.974,0.05048,0.0514802014575329,4,6.00977197637708,0.0498582223384274
"EJM",0.557142670457495,6.6623,0.002069,0.00219129952843706,2.2296101148757,6.49278868642067,0.00205877022912673
"GI-1",0.411883332254206,8.8381,0.01095,0.0120017188849753,1.19019942976591,5.46047261743925,0.0108904329095981
"Granta-519",0.50069425695958,7.5093,0.003513,0.00399669280806097,1.35138511855934,8.01046437160931,0.00351227700987038
"HCC1500",0.103796637142445,13.444,0.4121,0.409348929066095,1.38358912748405,0,0.409348929066095
"IGR-1",0.355285278125739,9.6706,0.02676,0.0259632207602815,0.905178265131291,0,0.0259632207602815
"NCI-H841",0.532066827700076,7.0974,0.002742,0.00288223942179443,4,6.08627398874098,0.00279021471540998
"OCI-Ly10",0.655374701566032,5.188,0.0008005,0.000858209624870105,1.26811001253314,4.46514327873558,0.000797180569366556
"OCI-Ly19",0.431177131469812,8.5522,0.009158,0.0100006782048717,1.14402461678041,4.60440956785756,0.0091908382708751
"OCI-Ly3",0.47742666886142,7.853,0.003974,0.00455864067406606,1.8826823896352,10.0435487452711,0.00404678046526126
"U-118MG",0.218508166096544,11.739,0.08407,0.0887807486497749,4,7.97519117989848,0.0850066180758859
"COR-L88",0.309946878207076,10.361,0.02588,0.0277143379097456,3.76026603911984,12.066174243834,0.0257517611244846
"Lu-65",0.361119985343782,9.5637,0.0266,0.0244817998171782,0.881471097529004,0,0.0244817998171782
"NCI-H2081",0.455907873863685,8.1815,0.006513,0.00762441100897696,0.812358584962932,6.1214144360735,0.00649214387624275
"NCI-H2141",0.406387335887413,8.9158,0.00781,0.0111367870032416,0.854860244911412,13.3395397288061,0.00774650788668691
"A-172",0.250094750373091,11.294,0.052,0.0551247172209066,4,12.6028610203891,0.0512641154506157
"COV644",0.30622513505094,10.424,0.04126,0.0420241617905397,1.12902962107827,0.990152267284599,0.0412862227002665
"IM95",0.225059905342419,11.631,0.06937,0.0797568986566727,2.05457974737358,12.5321113253289,0.0693070321552795
"J82",0.219268577885828,11.718,0.07388,0.0906460748008767,1.49085123268453,12.9980742594173,0.0740713616309786
"NCI-H23",0.665750090655666,5.0275,0.0006592,0.000734539824197776,0.960560391029756,4.95814475296138,0.000658869548454832
"RD",0.381962041072998,9.2677,0.02021,0.0195190128019259,0.895197152038334,0,0.0195190128019259
"SK-UT-1",0.303481463343834,10.466,0.03886,0.0406130184379805,1.43436362853024,3.28262872484221,0.0387350845270238
"T98G",0.167834874511065,12.488,0.174,0.209000760022408,1.01408699785346,7.28848154621738,0.178925972098714
"Becker",0.297457238464793,10.551,0.04087,0.0417545865067521,2.73722589661104,3.59687867763952,0.0406311441898497
"Hs 578T",0.129562550698368,13.059,0.1749,0.38182638059257,1.06347999018116,27.5791577011985,0.179613609880945
"Hs 611.T",0.593599118873225,6.1128,0.001215,0.00144937698967667,0.940448685969572,7.83596065948225,0.00120911041530422
"JHH-4",0.00478173402642815,14.891,0.005637,NA,4,85.4316778809619,0.765781111836381
"Karpas-422",0.548769589216562,7.1315,0.003468,0.00296671882204627,4,2.31634687546333,0.00293174549098998
"KMRC-1",0.345572572813525,9.8413,0.02761,0.0275060314944392,1.75692463577271,0.276921899007918,0.0274192191877953
"LP-1",0.493893690134094,7.6087,0.005353,0.00556696248359719,0.95967506716941,2.02663375296658,0.00533204006245437
"MDA-MB-468",0.480576257858106,7.8077,0.006834,0.00680183199810131,1.16329325453631,0.0734930771703813,0.00679323675935299
"SH-4",0.446001180984017,8.2223,0.1014,0.0110500945628538,0.44564790198533,0,0.0110500945628538
"SK-HEP-1",0.514740904071215,7.2907,0.003916,0.00415629948481662,1.57160331662143,3.30496527127867,0.00397932471491105
"SUP-HD1",0.318044909581017,10.249,0.02526,0.0280310035788529,2.13192312720037,10.3649431017689,0.0251370861628248
"AN3-CA",0.589719040170061,6.1737,0.001783,0.00183872538803002,1.93884454954889,3.34758331080824,0.00177416618880164
"ACHN",0.307523743504122,10.401,0.03535,0.0364329757542033,2.72156241921144,4.64737226995849,0.0351501580481477
"CMK",0.311488291515468,10.341,0.03222,0.0336405918637653,2.62564966658922,6.02228449098389,0.0320358026699105
"EN",0.303214666584876,10.433,0.05539,0.0481513368771385,0.772116241696791,0,0.0481513368771385
"Kasumi-1",0.248239053930775,11.285,0.06025,0.0658732838874523,2.0136064202145,8.38190630295932,0.0601360140522097
"NCI-H2342",0.445384954621595,8.3013,0.01043,0.00990500096128213,0.941185035568414,0,0.00990500096128213
"OV-90",0.34914469851413,9.7895,0.02521,0.025892183985102,1.21504377669152,1.8948077431786,0.0250818801056377
"RERF-LC-MS",0.540924095219225,6.9186,0.002465,0.0025578562148388,4,6.45543569780256,0.00247096795954547
"RPMI-6666",0.507296754438806,7.4781,0.002852,0.00305380950820767,4,9.92285475600116,0.00288950623885282
"SK-N-MC",0.555913957634153,6.6955,0.002517,0.00270528474907116,4,2.61092359163802,0.00266925487314542
"A-253",0.274717312265255,10.981,0.04998,0.0501431906285089,4,5.65306003468424,0.0486614872490049
"BC-3C",0.209206091750732,11.863,0.0903,0.0958711941408864,3.68253451071079,9.6081566084076,0.0904735609715648
"C32 [Human melanoma]",0.11444816323858,13.287,0.1328,0.354352279544805,1.80344141748645,41.383659838709,0.133658436392246
"CAL-85-1",0.511259504253386,7.351,0.004643,0.00473093621373085,1.07984064067815,1.27431393257241,0.00461917100630706
"Hs 746.T",0.416196481227722,8.7299,0.0139,0.0133383696802414,1.22410178532637,0,0.0133383696802414
"HSC-2",0.513079007835268,7.4264,0.00304,0.00315196582268927,4,8.23803752812941,0.00301324346478057
"HT-144",0.249205520798154,11.27,0.07049,0.0724014792640539,1.95924046227929,2.56408544550114,0.0704820068367985
"VMRC-RCZ",0.365322244842898,9.4955,0.02445,0.023007152987182,1.0078312989662,0,0.023007152987182
"MES-SA",0.477189202680372,7.8607,0.006613,0.00674417762091309,1.15503930757803,1.40624073593608,0.00657964586576454
"NCI-H1105",0.464689083214007,7.8448,0.009843,0.00808499672208723,0.917671596707085,0,0.00808499672208723
"NCI-H322",0.298471072734465,10.535,0.03073,0.035821810691098,1.59467552987061,11.2527643566286,0.0305288652917829
"OAW42",0.201581741553678,11.98,0.08996,0.099207824282504,3.17550193371323,13.0041597944049,0.0902298423767235
"PSN1",0.46662676544967,8.018,0.0076,0.00767322584836584,1.15486871448239,0.868617090965437,0.00755766448381287
"T24",0.239267562826258,11.402,0.07423,0.0804627806281587,4,1.78269158238814,0.0797357854417788
"TE 441.T",0.234878173338278,11.485,0.0618,0.0729536182401311,1.73115561300934,12.6215822849014,0.061668222765548
"TT2609-C02",0.276301863935962,10.867,0.05619,0.0562269449285436,2.520499062414,0.489295270790103,0.0560079945492639
"Caki-1",0.219084630174727,11.764,0.08905,0.0935769256887288,4,5.06051619142877,0.0911136179318457
"COR-L105",0.289942874670171,10.661,0.04161,0.0460731664125215,1.2077921785472,5.90851545787961,0.0415172858606641
"DMS 273",0.408580347218175,8.8906,0.01359,0.0140560044995425,0.928981513473692,1.82289682776347,0.0135051532512212
"ESS-1",0.513222813729365,7.3683,0.002958,0.00307665163775132,4,8.63011466414669,0.00293431614423912
"G-402",0.374026265122843,9.4027,0.01973,0.0198095921889291,2.73895082719404,1.21059290620933,0.0196331148014241
"Hs 294T",0.308810548688175,10.382,0.03814,0.0385580114309825,2.50208045058441,2.02660773254625,0.0379256274225647
"JHH-6",0.28439674276765,10.746,0.04952,0.0501194670564438,2.41329179514089,1.90156372953055,0.0493206530589847
"MFE-319",0.503401626712637,7.4982,0.002824,0.00304124931867392,4,10.7577260619509,0.00286251693596638
"MOLP-8",0.483976116944319,7.7847,0.005322,0.00551158086821698,1.86438215255021,4.27594592041809,0.00525353274338002
"NCI-H1339",0.243347025172353,11.358,0.06336,0.071090086418551,1.64033024099951,8.69032126886648,0.063278962662731
"OV7",0.452320413097836,8.509,0.01889,0.0128983686455588,0.76126924414661,0,0.0128983686455588
"Panc 03.27",0.867225173076328,2.0209,0.007697,1e-06,0.238551525716592,0,1e-06
"PLC/PRF/5",0.276056640437861,10.872,0.04973,0.0508148428402773,3.5726235597205,4.69904908584526,0.0494302775485713
"SCC-9",0.369094114449172,9.4751,0.02012,0.0203670799946413,2.53022477336774,2.0009711355699,0.0200409590750629
"SK-LMS-1",0.385390655725879,9.2222,0.01851,0.0183048051444408,1.83393099766349,0,0.0183048051444408
"SK-MEL-2",0.250477352176851,11.253,0.05807,0.0637576413650557,1.99214753576443,8.81615965740582,0.0578421770077042
"JHH-2",0.288545514818927,10.685,0.04231,0.0437483871055662,2.96093859971537,5.45375575500128,0.0420747786714538
"A-498",0.0315358630088046,14.538,0.9362,0.91168180705936,2.48882119970128,0,0.91168180705936
"HLF",0.395809846814134,8.9571,0.01979,0.0166528396993694,1.01055917068105,0,0.0166528396993694
"JHH-1",0.429316131951335,8.5233,0.01249,0.0116704391972678,1.07180468265782,0,0.0116704391972678
"OAW28.1",0.266340200703985,11.017,0.06519,0.0794683242457655,0.66716948614745,5.58906103630388,0.0665322452047037
"OV56",0.176949203757037,12.346,0.1085,0.12782022425676,2.67144664740008,17.0278077113086,0.109373619876988
"Panc 02.03",0.242609765496097,11.375,0.05667,0.0604831521832004,4,12.4559870682638,0.056302423439221
"SNU-475",0.0737933616432973,13.845,0.6765,0.484959505019341,2.84070262765428,0,0.484959505019341
"TOV-21G",NA,NA,NA,NA,NA,NA,NA
"647V",0.485449592568166,7.7316,0.005518,0.00587008435210272,1.08239481906005,2.9837565136151,0.00554570062548544
"8-MG-BA",0.487815337916494,7.7495,0.002726,0.00309006657795175,4,13.5590910697001,0.00285510862424153
"A101D",0.318454147262975,10.237,0.035,0.0352390235631382,2.53998083569695,1.54951540025691,0.0348049645588637
"A2058",0.323846701941063,10.11,0.03321,0.033555536169392,2.46671630549451,1.26257730578026,0.0332094172653955
"AsPC-1",0.31463054644567,10.05,0.09061,0.0412015830380984,0.837246895551206,0,0.0412015830380984
"Caki-2",0.135386843035889,13.262,0.2357,0.217165109263887,4,11.9088297362739,0.202886723497465
"CAL-27",0.176019687440145,12.356,0.1445,0.15274665843288,2.43603704296573,5.22059016024134,0.145986288339383
"COLO 792",0.315622094809121,10.278,0.03702,0.0372119193614451,1.69212436509942,0.790893704926708,0.0368629308970654
"FTC-238",0.496277829960885,7.5724,0.005233,0.00544068139599772,1.12311215710065,1.78891063680993,0.00526701688857491
"GMS-10",0.35617895913346,9.765,0.02451,0.0240531153989696,4,0.923652075304926,0.0239412539309686
"GOS-3",0.0143009196980062,14.787,1.732,1.63835060395705,2.07030626547313,0,1.63835060395705
"HMCB",0.346052634942584,9.9029,0.02489,0.024822438912666,4,3.23715966344324,0.0244105278134088
"HuH-1",0.102522411132105,13.46,0.1216,2.50596366756015,2.31802450485315,49.9567298574713,0.119587329221676
"IGR-39",0.0254517344387064,14.551,0.2531,NA,2.75285768683142,67.3220088433008,0.464368856780009
"IST-Mes1",0.206524631133543,11.904,0.09875,0.10583830642728,2.44418152150678,7.23336449141148,0.0992834760358547
"M059K",0.323346553574537,10.178,0.03313,0.0334112040305399,4,1.45005111145351,0.0331662843364386
"PaTu 8988t",0.52608613548615,7.2104,0.002865,0.00298910021571174,4,6.61165289930226,0.00288496966687709
"SCaBER",0.226208802400114,11.613,0.08291,0.0865857727383298,2.82055598790811,5.67324123482342,0.0829664801539323
"SK-N-SH",0.0849396850036642,13.724,0.4186,64.3516551902661,0.564883384554694,46.9691655661401,0.450205550759258
"TM-31",0.226580979638181,12.065,0.1202,0.0946184549231334,4,0.305014089037808,0.0944738238332864
"YH-13",0.323763675619766,10.159,0.03069,0.0313575822298533,2.86765177015765,3.65900346183086,0.0305374859326935
"A-673",0.594484652406535,6.1048,0.001699,0.00174212682447461,2.23418317062651,3.31558758504222,0.00168943857782119
"DU145",0.446717704575052,8.3134,0.009614,0.00959620658740872,1.3104775475973,0.322805198720057,0.00954889435687877
"FaDu",0.298465430833349,10.572,0.04253,0.0438811455224361,4,1.05647136648841,0.0436474900391504
"HCC4006",0.284915668728708,10.74,0.04656,0.0484673030351071,1.76670332144016,3.76921268666457,0.0463641237968806
"Hs 683",0.316061545391442,10.273,0.03564,0.0357845987613697,3.86798662027421,1.74318958900432,0.0354578017564992
"Hs 729.T",0.32639025154652,10.118,0.03383,0.0337025976351153,1.84322615599785,0.121236848771512,0.0336582377437125
"HT-1080",0.460705107221765,8.1052,0.006691,0.00734536838264507,1.03109868301549,4.45923114297693,0.00670915067301666
"JHH-5",0.292988354508429,10.618,0.03816,0.0401917858807526,2.62656091421516,7.0371278513682,0.037936419001579
"JHUEM-1",0.521788468938599,7.626,0.003872,0.00313259776388976,4,6.62735305050975,0.00302319467730078
"MeWo",0.506514882412924,7.7409,0.003646,0.00327677511545359,4,8.86131248256132,0.00312080579497702
"MIA PaCa-2",0.338272578127628,9.9402,0.02973,0.0296696917424272,1.73391620346886,0.301247879512633,0.029566464595598
"NCC-StC-K140",0.82423575101981,8.7042,0.01291,0.0127841464196055,1.18051196233634,0,0.0127841464196055
"SK-MES-1",0.250334054090072,11.263,0.07319,0.0740995392901934,1.7036080832757,0.719493932334701,0.0734717695555647
"SK-N-DZ",0.217707130820502,11.702,0.1493,0.121676117098725,0.902343718682147,0,0.121676117098725
"SW579",0.350506571298826,9.6646,0.0285,0.0264103549484818,1.37686914491723,0,0.0264103549484818
"WM115",0.300021395607546,10.481,0.04608,0.0447065686180993,1.46858740227274,0,0.0447065686180993
"WM266-4",0.455045479028566,8.1862,0.008303,0.00851003943806358,1.14874838653173,1.47181016541624,0.00829155291783129
"BT-20",0.520487506531032,7.2555,0.002707,0.00294678720106942,4,7.95349786753018,0.00282188130227428
"CAL-54",0.130983267557362,12.986,0.293,0.263203412164869,2.1651585661388,0,0.263203412164869
"Capan-1",0.28717758524215,10.706,0.04695,0.047438926750229,3.46320363816577,2.71094281376574,0.0466814573601152
"CHP-212",0.255538213260257,11.175,0.05688,0.0625785754503222,1.73051177518918,7.57512264591406,0.0569108977610612
"Hs 895.T",0.0153254210356754,14.61,0.008146,1.21823183470274,4,36.9978536222786,0.869943817286426
"KATO III",0.447603359409679,8.3019,0.009335,0.00942806006160443,1.06063987715528,0.776529955669943,0.00928994646632984
"KMRC-2",0.361448407152476,9.549,0.02457,0.0235960411573973,1.30115359697199,0,0.0235960411573973
"KNS-42",0.232657980068575,11.524,0.08252,0.0889001790709899,4,0.255820305567877,0.0887862478881884
"MPP 89",0.114958103704666,13.291,0.2694,0.310647499369664,1.97923769716227,8.09369240828332,0.284132108297702
"NCI-H1693",0.515414012395764,7.2825,0.002798,0.00294768723603666,3.07506816198238,9.19872397005335,0.00275910232297761
"Panc 04.03",0.211506018093325,11.832,0.08436,0.0910646956750887,3.3582473336705,11.1543097917974,0.084470658731505
"PE/CA-PJ49",0.309097259646197,10.384,0.03732,0.0377743668810669,4,2.42161582649715,0.0373084421605209
"SK-MEL-24",0.0874470819123794,13.693,0.09318,NA,4,61.6537122068496,0.0937200571522721
"SK-N-AS",0.308060959165833,10.392,0.0326,0.0378339814301676,1.04755940470171,7.33868660433504,0.032514416301781
"TE 617.T",0.765412948160007,3.5313,0.0002882,0.00029716395743038,1.02273682106658,1.3263749111896,0.000289453897558323
"YKG-1",0.490861670359734,7.7105,0.003176,0.00336207321624366,4,11.5421305562991,0.00314855273000227
"BL-70",0.796706104431427,3.0365,0.0001442,0.000162826589615317,4,5.49062223315627,0.000158159654059236
"COR-L95",0.150501490172028,12.746,0.212,0.221247951261959,1.55020674557696,1.39824987400964,0.217236681046379
"D283 Med",0.455408309990635,8.1857,0.007719,0.00810182461161146,1.1335252819274,2.93720984941178,0.0076804673665073
"HL-60",0.574781385248835,6.3956,0.00211,0.00215384547202898,2.69235988800354,3.21247931442156,0.00210137112131951
"HuP-T3",0.405664238403246,8.75,0.02092,0.0152522933644962,0.840349298365426,0,0.0152522933644962
"KO52",0.198419953277503,11.957,0.2533,0.14542364333875,1.01009716321536,0,0.14542364333875
"MEC-1",0.589972239484482,6.17,0.001553,0.00164940254023912,1.72345190664843,5.37376032429481,0.00154409859049685
"NCI-H1092",0.187022848700799,12.193,0.1094,0.122418156447251,2.62317325371786,11.9841097721067,0.110275513099412
"NCI-H2171",0.571297706333099,6.4492,0.002171,0.00225578387760805,1.61446313245488,3.35151301899594,0.00216089380805931
"NCI-H2196",0.40075866934867,9.0368,0.01438,0.014941923531292,1.335698228033,1.68093637584338,0.0145642327121088
"NH-6",0.429880628545968,8.5544,0.01214,0.0117635203883886,0.840226016966312,0,0.0117635203883886
"OCI-M1",0.182811027335531,12.264,0.05648,0.105884171566141,1.81346776428873,34.1283069557721,0.0562377375834566
"SIG-M5",0.351347496239004,9.7484,0.02497,0.0250294351479704,2.93776591439345,1.33650366484777,0.0247996600532202
"TF-1",0.154718887521711,12.679,0.1148,0.15952869626115,2.224365375379,25.865867804461,0.114980376978116
"786-O",0.239935638383652,11.41,0.07668,0.0811202084805797,4,1.04066887678051,0.080694777050075
"A4/Fukuda",0.487121940738238,7.7114,0.005559,0.00581608789887903,1.14888136444018,2.64370790188396,0.00554748237477399
"HCT 15",0.167759480748496,12.481,0.1137,0.13153048605959,3.57837118720692,19.685570615491,0.114365415865526
"HEL 92.1.7",0.162728313464847,12.559,0.16,0.18046780791387,1.72315436662964,8.30800909498114,0.162405802622678
"JHOS-2",0.521892565070715,7.2248,0.002772,0.00290958492558543,4,7.89929629207488,0.00278715342250362
"K-562",0.539437307503488,6.9503,0.002583,0.00269589203538364,4,5.83236657201581,0.00261358137745354
"NCI-H1341",0.424705052408396,8.6158,0.0127,0.0122348743938904,1.10865775843379,0,0.0122348743938904
"NCI-H1568",0.471386576285819,7.8166,0.01008,0.00759793673630591,0.730386937577545,0,0.00759793673630591
"NCI-H1703",0.355930263301509,9.6318,0.02548,0.0248592287045366,1.85275065082256,0,0.0248592287045366
"NCI-H838",0.299717845081391,10.352,0.05949,0.0457679000520198,1.12167819421998,0,0.0457679000520198
"SK-N-FI",0.0512017569813589,14.45,0.005943,353828483826496,0.122093961329962,45.4792131831544,1e+06
"TE-11",0.200219676211499,12.017,0.09637,0.103076681341483,4,10.9460351776513,0.0969023276435582
"Daudi",0.766619818347799,3.5425,0.0001989,0.000211212602151018,4,6.32814412066295,0.000204186835311609
"HH [Human lymphoma]",0.455348488703571,8.1279,0.0104,0.00900675083231071,0.773416667533555,0,0.00900675083231071
"HT-1197",0.532290140358534,7.0708,0.002652,0.00284567089087051,4,6.26675570944313,0.00275197886558754
"LUDLU-1",0.0850647270828935,13.72,0.573,0.473977410113143,1.75245597937607,0,0.473977410113143
"NCI-H146",0.570559819818393,6.4619,0.002063,0.00213445358647454,2.25947955997221,4.29789746551521,0.00205121476381799
"NCI-H1915",0.519803923428091,7.229,0.003092,0.00340004509299457,1.56274267712288,6.52501328283562,0.0031090174738287
"NCI-H1944",0.25043257623479,11.254,0.06744,0.0687048687627389,3.49059939662782,3.71009799614025,0.0672039757105085
"NCI-H520.1",0.288033444948191,10.691,0.034,0.0384872742345223,2.06219818147357,11.7273677639665,0.0338085771940256
"NCI-H522",0.529953342443794,7.1598,0.002899,0.00298878131654278,4,5.85753638642878,0.00289711530566653
"PE/CA-PJ41 (clone D2)",0.343734360210218,9.8607,0.02707,0.0273515040200399,1.6162982839869,1.36568550961003,0.026886855206289
"PE/CA-PJ15",0.313797560126604,10.326,0.0364,0.0370881028060013,4,1.31557431554892,0.03684169728764
"RVH-421",0.054874696800262,14.185,0.5984,0.629546359564051,2.56707741915126,7.58103733690106,0.590486680994021
"SET-2",0.0913686646642465,13.589,0.8465,0.440259715095748,1.71243109245971,0,0.440259715095748
"SNU-16",0.223036278139317,11.662,0.07444,0.080273612082742,3.20848870890397,10.9147651549128,0.074342487115944
"TOV-112D",0.483811685321449,7.7608,0.006628,0.0065931643872744,1.12625576888174,0,0.0065931643872744
"DB",0.502984550435889,7.4734,0.004964,0.00515116455887987,0.819597940784506,1.54110145098377,0.0049581108740857
"HCC1419",0.0988247707392067,13.505,0.7018,0.455608138388801,1.29023497430424,0,0.455608138388801
"HCC-56",0.0225067130051313,14.671,1.175,1.1363731407915,2.36766009954433,0,1.1363731407915
"Hs 839.T",0,16.048,1.734e-230,NA,1,100,0.016
"NCI-H2110",0.22604240422822,11.616,0.08615,0.0919232322141246,1.596129222783,4.59412649874255,0.0865367562575774
"PE/CA-PJ34 (clone C12)",0.293049768290792,10.651,0.04446,0.0451618729587161,4,2.12518400651151,0.0446741422868782
"AsPC-1.1",0.292870928726825,10.619,0.04533,0.0460217531080894,1.98932353052444,1.89238434090822,0.0451377709274799
"SNU-387",0.278182265510652,10.839,0.0387,0.046027503124266,1.46557084736674,11.4663055743231,0.0385324027848929
"SNU-503",0.0774832630399263,13.841,0.1922,NA,1.2152130554928,53.5000999293805,0.197372676397111
"SNU-869",0.40688062765089,8.8793,0.01554,0.0148385085269424,0.986305953399591,0,0.0148385085269424
"SNU-C1",0.16995135100049,12.453,0.1299,0.159170479814116,1.69495793509653,13.821051482342,0.131510768449101
"SW1990",0.353359502016717,9.6834,0.02629,0.0255855135057022,1.50118818143708,0,0.0255855135057022
"SW948",0.116528178310288,13.231,0.1561,0.334620142777835,1.66723174508059,36.4568097197461,0.152868505971648
"TE-15",0.249880796639171,11.26,0.06669,0.0687923841975678,2.71815799807184,4.26420293822166,0.0665729372980447
"UM-UC-1",0.359023269139223,9.6952,0.02221,0.0227324213561078,4,1.72826609844905,0.0225333841645085
"WM88",0.265316628629159,11.031,0.05228,0.0553274141321978,2.38138962180099,6.84022812317672,0.0520129081763102
"WM983B",0.482717455023462,7.8776,0.003096,0.00328257026109962,4,13.5722320367574,0.0030327015269718
"ZR-75-30",0.148575839130874,12.627,1.008,0.252177852355045,1.14245838685708,0,0.252177852355045
"Ci-1",0.652807080144206,5.2288,0.0009466,0.000982356355048529,1.24743525840962,2.58522081671283,0.000941425848066452
"CJM [Human melanoma]",0.22556270013848,11.626,0.0892,0.0909853137633341,4,2.91993303681432,0.0896268357341179
"HuG1-N",0.189274526467919,12.213,0.1134,0.119601528141632,4,9.78461858809784,0.113264099254145
"JeKo-1",0.570359658713465,6.4582,0.002277,0.00230819349613425,3.42273807364326,2.73543105091803,0.00227056215740265
"JM-1",0.789986390410867,3.16,0.0001702,0.000178920456598639,4,5.25425368175378,0.000174022512954462
"KP-2",0.31936526805839,10.223,0.03423,0.0346842731222553,2.09022888843968,1.92850909837622,0.0340376908344452
"LMSU",0.314007157730511,10.303,0.03714,0.0374990823271183,1.74152090236632,1.18881290609444,0.0369845018373043
"MG-63",0.345672171008762,9.8328,0.02379,0.0244107430559913,2.65624965605813,4.19508255651842,0.0236185546772118
"Mino",0.461853030911028,7.6926,0.00373,0.0082259189322614,1.28608545107179,0.207704658412837,0.00819933667942152
"RL",0.767814397713135,3.7284,0.0002409,0.000215865815729545,4,5.91493198092521,0.000209177154616761
"SK-MEL-3",0.257701373980256,11.163,0.06171,0.0627450027681751,4,4.11515578536718,0.06141210122617
"SNU-1",0.0870950133272038,13.691,0.4412,0.439531820220815,2.05814577237704,0,0.439531820220815
"ST486",0.629442893139975,5.5776,0.001263,0.00129729764555282,1.357755608179,2.09240690756825,0.00125708848832337
"SUP-B15",0.556243505214586,6.6733,0.002406,0.00249363696185957,2.11247636906037,4.34574542963801,0.00238858180074637
"TC-71",0.596439436158112,6.1058,0.001816,0.00180979414693446,4,2.10840063930491,0.00179040595396389
"BICR 18",0.0667668050857765,13.998,0.09081,NA,1.28369435456006,71.2388168457473,0.0931191751303866
"BICR 22",0.204361473899412,11.937,0.09181,0.0988960283859083,3.5017262184588,11.0465280021932,0.092090723410161
"BICR 31",0.350017018402782,9.7641,0.02328,0.0243681313307033,1.44202144421295,3.59458628468241,0.0231394390983102
"COLO 678",0.218823113905,11.725,0.06622,0.0778672739208669,2.41580551569888,16.4251182175797,0.0660330961739867
"EFM-192A",0.331712388603864,10.034,0.03239,0.0320809618773322,1.47620003138342,0,0.0320809618773322
"G-401",0.63045338153796,5.5629,0.001237,0.00125481400065922,2.39919118141093,2.3198574029017,0.00123021098228287
"Hs 888.Lu",0.222830655991306,11.691,0.09531,0.0974634241693156,1.90822794280205,1.62410034132382,0.0957913606633617
"KP-N-YN",0.243586130557682,11.371,0.01158,0.094384749029665,0.968235803145266,43.4740437750582,0.0115229732151263
"NCI-H1395",0.302381283064169,10.476,0.03448,0.0388408084675671,1.2618419019022,7.19074159417575,0.0343438265624884
"SNU-423",0.479769050790275,7.813,0.006118,0.00631923062698855,1.35524420934154,2.32939562726643,0.00610064748173782
"SW1417",0.26488100453073,11.037,0.05287,0.0556128780934204,2.5206512619461,6.66936681757126,0.0525423072030514
"SW1783",0.146646734393545,12.952,0.004066,NA,0.573483327304944,68.6869662299216,0.00801556390940464
"DU145.1",0.313394333189794,10.313,0.03417,0.0348239321280228,3.20739271076184,3.80256673393311,0.0339756286846359
"KE-39.1",0.257985927083158,11.139,0.05872,0.0611928528879611,2.74604776812778,5.59832119502736,0.0586031230176744
"DMS 454",0.164268754690892,12.504,0.6102,0.310382835617255,0.687371570635622,0,0.310382835617255
"GCT",0.490605518120113,7.6608,0.004712,0.00481484594886028,4,5.02149389334088,0.00468911789543736
"HCC2935",0.208169846522176,11.88,0.09023,0.0958420059665707,3.87931426283293,10.0668663266082,0.0904455848382317
"HOP-62",0.42185375665288,8.8186,0.007112,0.00725639864276478,4,12.354653416313,0.00675937369545452
"OVCAR-5",0.297208610124097,10.555,0.04322,0.0435912550469201,2.91000503693078,1.94053057371919,0.0430023126109409
"SF268",0.591469253633832,6.1507,0.001708,0.0017462518358276,2.78485862561737,3.72755483113792,0.00169833967403164
"SF539",0.501102576031551,7.5217,0.004771,0.00488987868766557,4,2.45576449829681,0.00482869807394857
"U-251MG",0.528752810193,7.1532,0.003447,0.00341915407477921,4,3.65195025677341,0.00335493442964904
"DMS 53",0.150248040439778,12.75,0.06734,0.19771654570398,1.74049134276701,42.382591275502,0.0670720886734224
"HEC-1-A",0.512738702496241,7.328,0.00363,0.00371654645933405,3.85948154748631,5.35738375181874,0.00360899651786247
"IGR-37",0.128414817020134,13.077,0.2003,0.307523517701214,1.30287399875819,20.9842760908885,0.202526556699912
"KNS-62",0.280512663845763,11.079,0.05949,0.051635045436718,4,2.08678701843986,0.0510876453294057
"MDA-MB-157",0.511348432636878,7.3494,0.5821,0.00473881132464757,0.358596908910204,0,0.00473881132464757
"NCI-H1563",0.165527860158929,12.63,0.1104,0.201318908745706,1.16550631239496,3.27014668965096,0.189967989136842
"OC 314",0.587683210069654,6.2087,0.001998,0.00200684470037871,4,1.92859665840328,0.00198720634418437
"UO-31",0.242644640912241,11.337,0.07098,0.0738980014339472,2.69002484997563,4.63942178024398,0.071270715694538
"BICR 56",0.355946050861563,9.6758,0.01883,0.0202433780189726,1.96312619525175,7.11515669967813,0.0187207737390156
"CAL-33",0.342963220596266,9.87,0.0272,0.0274859934666765,1.74681775291513,1.41369487500955,0.0270383809714752
"Calu-1",0.468957076102284,7.9841,0.006084,0.00619615577002376,4,4.69818066031642,0.00604517304458194
"Capan-2",0.465734080226672,8.033,0.006765,0.0070622211682686,1.42464622063776,3.33073712253248,0.00672862350306241
"DMS 114",0.361890323582744,9.585,0.02067,0.0215332853962088,1.45239997480802,3.39260753227542,0.0205163503800214
"EKVX",0.500993923833028,7.5069,0.004104,0.00420400776878351,3.67973672713866,5.49227988751952,0.0040731488744463
"HCC1438",0.287304003259204,10.704,0.04829,0.0484833261798851,3.69491725188601,1.76588620978771,0.0480138068927768
"HCT 8",0.0216179286420689,14.688,1.009,0.980140256948091,3.23545978638277,0,0.980140256948091
"HOP-92",0.402097196630643,8.9787,0.01566,0.0154876241421865,1.14447328910069,0,0.0154876241421865
"KYM-1",0.595404984423753,6.0925,0.001904,0.00190843157377189,3.10542073524649,1.42881010487365,0.00189069722083813
"KYSE-30",0.491129168792697,7.6705,0.005105,0.00546124882068715,4,2.36537861524793,0.00539548068619634
"KYSE-510",0.213284451323334,11.884,0.0912,0.0964999430293953,4,6.74959683763014,0.0930640816037846
"L-428",0.265721470164595,11.026,0.06182,0.061998433238416,3.00637048579189,1.0460574253001,0.0615639424604334
"MDA-MB-361",0.3124264141075,10.326,0.03044,0.0381003508551917,0.841235307628248,8.68821603027002,0.0303660365271336
"MFE-296",0.305688437596171,10.427,0.03272,0.0353842375015608,1.90064906723677,7.37655856128647,0.0325339882092285
"NU-DHL-1",0.393626508810818,9.1135,0.01375,0.0149665596346276,1.15587934294314,4.87936517688948,0.0136943408878192
"SNB-75",0.166046296597432,12.533,0.1027,0.122261404379552,4,23.8479527842391,0.103973652814045
"SNU-216",0.443063671048542,8.657,0.007803,0.0069681873989776,4,8.21320121997902,0.00666249806997091
"BICR 16",0.457903516374496,7.8971,0.01649,0.00886641502947475,0.670226694909235,0,0.00886641502947475
"F-36P",0.485562245131902,7.7297,0.003738,0.00469935389558856,0.927517818842584,9.80889056655107,0.00371352828733721
"JJN-3",0.529947629510077,7.068,0.002706,0.00281585282062745,3.32812939744637,7.036017769539,0.00269041584388279
"Kasumi-2",0.517675878463682,7.2686,0.003731,0.00378093332018516,4,4.00828021588598,0.0037027673843499
"KG-1-C",0.140780024583206,12.882,0.1409,0.185843253346813,2.67244274174836,24.6043553888067,0.144230205585527
"KMS-20",0.272015568556723,10.931,0.04732,0.0526095215242411,1.53746251246515,7.70135174225927,0.0471862413762959
"KYSE-150",0.493307155991411,7.6308,0.00512,0.00553747049810762,4,1.5957184862566,0.00549275045699488
"OCI-AML-5",0.246419982056581,11.301,0.07129,0.0760447688608671,4,0.877779596422147,0.075708796141914
"Panc 08.13",0.411074696807555,8.8222,0.01471,0.0140749508236186,1.21055840748923,0,0.0140749508236186
"SNU-601",0.360736791532043,9.6045,0.02346,0.0234288450659828,1.66511949740366,0.388784474661793,0.023319267724088
"SNU-C4",0.00392277663145729,14.828,0.00795,1.54190681333526,4,0,1.54190681333526
"T-47D",0.235570903097564,11.474,0.07076,0.0847062501095857,1.12825546838985,9.06876645054183,0.0709382460610462
"T84",0.210967601164281,11.842,0.05601,0.101809642004163,1.14769619167915,24.8699201622844,0.0559064684062245
"TE-14",0.246490391509109,11.322,1.022,1.0418015451044,0.237366870787614,0,1.0418015451044
"U266B1",0.492686309459126,7.6289,0.004611,0.00487131864502268,1.66067509312351,5.08598756811592,0.00456659816134774
"42-MG-BA",0.486719130386657,8.1001,0.007143,0.00594766064238934,4,1.55406929037484,0.0059008966142044
"BT 139",0.15004500354946,12.735,0.3684,0.234260244238651,1.30955733884689,0,0.234260244238651
"BT 159",0.272610545038101,10.923,0.04362,0.0472718114936514,2.54520377756337,9.80360185709839,0.04338728262722
"BT 187",0.391155832278545,9.146,0.01709,0.0170739174742928,1.50217212407334,0.394772519127094,0.0169840577308993
"BT 228",0.39145941923268,9.1453,0.01601,0.0162834304960862,1.69399243893745,1.84446520659046,0.0159261066509744
"BT 231",0.488899935707299,7.7004,0.005062,0.00525444008947532,4,3.64657913650162,0.00515589887971754
"BT 239",0.54490566782779,6.9665,0.003215,0.00311513244703309,4,2.17271806805558,0.00308072505327454
"BT-474",0.256965824108824,11.188,0.06244,0.0632974883047646,4,4.08108298759466,0.061964348140089
"COV434",0.456576467758682,8.1695,0.00771,0.00797926471016694,1.39886591443708,2.68765131362813,0.00767024678309113
"G-292 clone A141B1",0.189100439381347,12.171,0.1217,0.205309707175521,0.756126679067113,15.8248769121196,0.12412187660323
"Hs 766T",0.237493655941499,11.448,0.07141,0.0738176298183632,4,6.67922245311706,0.0712183087601398
"KMRC-3",0.305069415386604,10.406,0.04401,0.0424850915279329,1.40046120405566,0,0.0424850915279329
"M-07e",0.196497112171621,12.056,0.09177,0.108164375691538,2.08945113996233,14.8687199407993,0.0913539162833415
"NCI-H1651",0.461367491844503,8.0974,0.00678,0.00703753957558912,1.95167430697292,4.24348240731247,0.00672489436702484
"SK-BR-3",0.427908495566703,8.5983,0.01011,0.0106137701472905,1.33295041899984,3.43271729264413,0.0100622752350657
"SNU-1033",0.387631048098104,9.2005,0.01063,0.0124973127217878,1.59216251781652,11.4906554293993,0.0106069450053277
"SNU-245",NA,NA,NA,NA,NA,NA,NA
"A-204",0.517726143399926,7.285,0.003851,0.00387967226363575,4,3.50803880374512,0.0038097546304669
"AML-193",0.0379020238940286,14.469,0.6748,0.715034121246026,4,0,0.715034121246026
"HGC-27",0.511356800534125,7.3977,0.003959,0.00402554299169438,4,4.11648323798177,0.00393999927910437
"Hs 578Bst",0.193500794161053,12.103,0.08858,0.098661809613798,4,16.9847596947664,0.0889375561126485
"Malme-3M",0.0524128541091266,14.222,0.7663,0.750019530170912,1.81582664563958,0,0.750019530170912
"Hs 688(A).T",0.164486566002055,12.528,0.1518,0.161129636159734,3.94273231350602,8.96731658218807,0.153251135524725
"HuT 78",0.278587297231143,10.833,0.03914,0.0432594881925831,2.34176010176692,10.8916729849458,0.038950858252274
"NCI-H1793",0.257131056831178,11.155,0.04611,0.0502348252402539,3.40808069595295,13.4048059817258,0.04583877096322
"SCC-4",0.288944902489722,10.697,0.04052,0.0438078576572088,4,4.88123675082051,0.0426971425008677
"SK-ES-1",0.525434233116457,7.1409,0.003453,0.00350066530314545,4,3.87997475468816,0.00343068207256183
"Hs 888.T",0.0115066047856475,14.494,1.89e+63,NA,4,90.3976726756064,0.288718970690287
"MDA-MB-453",0.49337018968902,7.6232,0.004692,0.00481095664909503,4,4.44381786950561,0.00470030210645191
"NCI-H660",0.375975991600408,9.294,0.02255,0.0204367691378953,1.08235787600361,0,0.0204367691378953
"SaOS-2",0.407344971303459,8.8751,0.01596,0.0148738596550439,0.89896171549773,0,0.0148738596550439
"U-BLC1",0.440464085433605,7.9862,0.04186,0.0107852144112834,0.658802826610069,0,0.0107852144112834
"BT 248",0.406103035103086,8.9242,0.01184,0.0124966668315722,1.76508190114117,5.12672429954994,0.0117537540569906
"NCI-H1694",0.527814519339462,7.1156,0.003252,0.0032988126566456,4,4.50099595755174,0.0032219264610584
"SEM",0.490783010814168,7.6848,0.005832,0.00589171470292071,1.23508908535392,1.11690132471431,0.00578492760271807
"Hs 822.T",0.17776875,12.284,0,NA,0,64.4462500000001,1e-06
"Hs 940.T",0.2414323193174,11.155,0.4844,0.0927421930172704,0.886233326782807,0,0.0927421930172704
"KMBC-2",0.274410839084237,10.897,0.05204,0.0536976098442103,2.19108975711729,3.79155029735291,0.0517993249585856
"RCC10RGB",0.00225887768470925,15.127,0,2.43060867803036,3.02080700182841,6.63745285010617,2.31866846336039
"SK-N-BE(2)",0.52059330348505,7.209,0.004169,0.00429260323546099,0.671443384592031,1.16713240872801,0.00414422709936191
"AU565",0.411408457871201,8.8458,0.01375,0.0137798679636667,1.36462127523694,0.546317683972596,0.0136693724597997
"COLO 320HSR",0.187774056909841,12.195,0.08032,0.123331011736135,1.4613384155638,23.0011235479172,0.0808976406508991
"MDA-MB-415",0.0582864939437034,14.118,453.3,364.020600458018,0.276846404119318,0,364.020600458018
"Panc 10.05",0.363132651744709,9.5048,0.02533,0.0233461661304519,1.12174452874948,0,0.0233461661304519
"BT 131",0.537457068714362,6.9582,0.002772,0.00287676489162898,2.62631370250543,5.33456591809445,0.002755799597841
"BT 147",0.575755285013914,6.39,0.002393,0.00241310733648694,1.32909350533281,1.0512610071212,0.00237483362022215
"BT 172",0.558876974054411,6.6375,0.002708,0.00274372989509314,2.09588072953162,1.94989896234153,0.00269214633842072
"BT 216",0.382410945789101,9.2813,0.01645,0.0170959297655475,1.63099862063094,3.50463779350106,0.0163509274051649
"BT 232",0.502033861631409,7.4913,0.004566,0.00482580928784033,4,2.52190760730778,0.00476377201895596
"BT 245",0.508609796137869,7.4031,0.004711,0.00481478135241963,1.08093593352495,1.5681039377736,0.00467492026718548
"BT 271",0.5355963086991,6.9863,0.003468,0.00349324487356576,2.86653223572217,1.94829093328956,0.00344514425377938
"BT 286",0.466928004378109,8.0136,0.005983,0.00619656447531549,2.70251040992666,5.4419161616982,0.00593790932137037
"BT 320",0.21811680891307,11.735,0.07449,0.0805860208941359,3.72072092579563,12.8511041922289,0.0744016446924619
"BT 328",0.291417914475508,10.641,0.04386,0.0448592082437824,2.55463622100544,3.40331096862901,0.0436382706574341
"BT 330",0.553148073883775,6.7218,0.002438,0.00252537698364562,2.40229699772658,4.63920630860142,0.00242506006439621
"BT 333",0.318027435253655,10.116,0.1684,0.0430687649384147,0.67449647444417,0,0.0430687649384147
"BT 340",0.363915495182413,9.5595,0.02228,0.0224931097973168,1.37828745530079,0.863683714250863,0.0222105370285292
"BT 359",0.523139027363356,7.1721,0.003406,0.00351800841075461,2.45471787140005,4.52739866033073,0.00338457884956318
"BT 416",0.547141964606899,6.8243,0.003076,0.00310718068358258,2.01685545935241,1.96203933911451,0.00304611597977038
"BT 422",0.274568980428344,10.895,0.05119,0.052177178271762,3.57255309506095,4.29068257565168,0.0508831217401761
"BT 428",0.454881274710802,8.0948,0.004394,0.00538315286117984,4,10.6334118777761,0.00507079618976661
"BT 440",0.180000992570903,11.841,0.03566,0.081767978699843,4,32.4216666159489,0.0629629670317011
"BT 444",0.326421625355492,10.116,0.1541,0.152887165378681,0.246421737663777,0,0.152887165378681
"BT 482",0.44294447993346,8.3731,0.005276,0.00570535987486237,3.35982172614478,12.4350155006768,0.00523987260211514
"BT 498",0.123803219870365,13.122,4.152e+19,NA,0.0432503974476321,59.1225258480289,999992.294790486
"BT 504",0.2634227790682,11.061,0.05556,0.0577785291512086,2.67001491244418,5.54744150738277,0.055288910709977
"2004",0.621257739141802,5.7043,0.001284,0.00133648261836104,1.40132284085451,3.16773753068293,0.00127549572130217
"BT-12",0.559506277679625,6.7514,0.002984,0.00292341042193442,4,0.496286766352841,0.00291612901358566
"BT-16",0.38675839259595,9.2128,0.01594,0.0165964366720581,1.40912500606482,3.1848760689799,0.0158390834678108
"SW982",0.143191438761275,13.104,0.2102,0.192442617538361,4,14.1357339978414,0.177102316196753
"SYO-1",0.350999764556066,9.7511,0.02511,0.0255121192810166,1.42066810522821,1.25279745609776,0.0250604812819062
"Tm87-16",0.503874552696136,7.4602,0.004748,0.00492769083195998,1.0986720631337,2.31432266736072,0.00471965097672338
"TTC-709",0.446527640861797,8.32,0.005919,0.00650204501696862,1.99014707092209,9.93408162629535,0.00581720538266224
"Yamato-SS",0.363627231005196,9.5615,0.01772,0.022388507150859,0.72221979208995,7.71247577665122,0.0177534721982545
